case_id,split,category,question,expected_value,expected_citation,reference_source,reviewer,reviewed_at,verified,notes
metric-001,development,metric,2025-10-01 至 2025-12-01 的 TAZ_PRO 平均修复时长 MTTR是多少？,53.478462,,M0 frozen CSVs; independent Python datetime calculation,,,,
metric-002,development,metric,2025-12-01 至 2026-02-01 的 TAZ_PRO 平均修复时长 MTTR是多少？,72.2695,,M0 frozen CSVs; independent Python datetime calculation,,,,
metric-003,development,metric,2026-02-01 至 2026-04-01 的 TAZ_PRO 平均修复时长 MTTR是多少？,45.313889,,M0 frozen CSVs; independent Python datetime calculation,,,,
metric-004,development,metric,2026-04-01 至 2026-06-01 的 TAZ_PRO 平均修复时长 MTTR是多少？,52.577917,,M0 frozen CSVs; independent Python datetime calculation,,,,
metric-005,holdout,metric,2026-06-01 至 2026-09-01 的 TAZ_PRO 平均修复时长 MTTR是多少？,62.507407,,M0 frozen CSVs; independent Python datetime calculation,,,,
metric-006,development,metric,2025-10-01 至 2025-12-01 的 TAZ_PRO 平均修复时长 MTTR是多少？,61.605,,M0 frozen CSVs; independent Python datetime calculation,,,,
metric-007,development,metric,2025-12-01 至 2026-02-01 的 TAZ_PRO 平均修复时长 MTTR是多少？,66.574,,M0 frozen CSVs; independent Python datetime calculation,,,,
metric-008,development,metric,2026-02-01 至 2026-04-01 的 TAZ_PRO 平均修复时长 MTTR是多少？,35.64,,M0 frozen CSVs; independent Python datetime calculation,,,,
metric-009,development,metric,2026-04-01 至 2026-06-01 的 TAZ_PRO 平均修复时长 MTTR是多少？,50.498947,,M0 frozen CSVs; independent Python datetime calculation,,,,
metric-010,holdout,metric,2026-06-01 至 2026-09-01 的 TAZ_PRO 平均修复时长 MTTR是多少？,58.598462,,M0 frozen CSVs; independent Python datetime calculation,,,,
metric-011,development,metric,2025-10-01 至 2025-12-01 的 TAZ_WORKHORSE 平均修复时长 MTTR是多少？,35.06,,M0 frozen CSVs; independent Python datetime calculation,,,,
metric-012,development,metric,2025-12-01 至 2026-02-01 的 TAZ_WORKHORSE 平均修复时长 MTTR是多少？,55.383333,,M0 frozen CSVs; independent Python datetime calculation,,,,
metric-013,development,metric,2026-02-01 至 2026-04-01 的 TAZ_WORKHORSE 平均修复时长 MTTR是多少？,53.4765,,M0 frozen CSVs; independent Python datetime calculation,,,,
metric-014,development,metric,2026-04-01 至 2026-06-01 的 TAZ_WORKHORSE 平均修复时长 MTTR是多少？,51.364375,,M0 frozen CSVs; independent Python datetime calculation,,,,
metric-015,holdout,metric,2026-06-01 至 2026-09-01 的 TAZ_WORKHORSE 平均修复时长 MTTR是多少？,44.34625,,M0 frozen CSVs; independent Python datetime calculation,,,,
metric-016,development,metric,2025-10-01 至 2025-12-01 的 TAZ_WORKHORSE 平均修复时长 MTTR是多少？,46.466111,,M0 frozen CSVs; independent Python datetime calculation,,,,
metric-017,development,metric,2025-12-01 至 2026-02-01 的 TAZ_WORKHORSE 平均修复时长 MTTR是多少？,47.501379,,M0 frozen CSVs; independent Python datetime calculation,,,,
metric-018,development,metric,2026-02-01 至 2026-04-01 的 TAZ_WORKHORSE 平均修复时长 MTTR是多少？,60.40037,,M0 frozen CSVs; independent Python datetime calculation,,,,
metric-019,development,metric,2026-04-01 至 2026-06-01 的 TAZ_WORKHORSE 平均修复时长 MTTR是多少？,55.392692,,M0 frozen CSVs; independent Python datetime calculation,,,,
metric-020,holdout,metric,2026-06-01 至 2026-09-01 的 TAZ_WORKHORSE 平均修复时长 MTTR是多少？,77.446136,,M0 frozen CSVs; independent Python datetime calculation,,,,
metric-021,development,metric,2025-10-01 至 2025-12-01 的 TAZ_PRO SLA 达成率是多少？,0.961538,,M0 frozen CSVs; independent Python datetime calculation,,,,
metric-022,development,metric,2025-12-01 至 2026-02-01 的 TAZ_PRO SLA 达成率是多少？,0.9,,M0 frozen CSVs; independent Python datetime calculation,,,,
metric-023,development,metric,2026-02-01 至 2026-04-01 的 TAZ_PRO SLA 达成率是多少？,0.833333,,M0 frozen CSVs; independent Python datetime calculation,,,,
metric-024,development,metric,2026-04-01 至 2026-06-01 的 TAZ_PRO SLA 达成率是多少？,0.791667,,M0 frozen CSVs; independent Python datetime calculation,,,,
metric-025,holdout,metric,2026-06-01 至 2026-09-01 的 TAZ_PRO SLA 达成率是多少？,0.7,,M0 frozen CSVs; independent Python datetime calculation,,,,
metric-026,development,metric,2025-10-01 至 2025-12-01 的 TAZ_PRO SLA 达成率是多少？,0.8125,,M0 frozen CSVs; independent Python datetime calculation,,,,
metric-027,development,metric,2025-12-01 至 2026-02-01 的 TAZ_PRO SLA 达成率是多少？,0.769231,,M0 frozen CSVs; independent Python datetime calculation,,,,
metric-028,development,metric,2026-02-01 至 2026-04-01 的 TAZ_PRO SLA 达成率是多少？,0.95,,M0 frozen CSVs; independent Python datetime calculation,,,,
metric-029,development,metric,2026-04-01 至 2026-06-01 的 TAZ_PRO SLA 达成率是多少？,0.7,,M0 frozen CSVs; independent Python datetime calculation,,,,
metric-030,holdout,metric,2026-06-01 至 2026-09-01 的 TAZ_PRO SLA 达成率是多少？,0.692308,,M0 frozen CSVs; independent Python datetime calculation,,,,
metric-031,development,metric,2025-10-01 至 2025-12-01 的 TAZ_WORKHORSE SLA 达成率是多少？,0.9,,M0 frozen CSVs; independent Python datetime calculation,,,,
metric-032,development,metric,2025-12-01 至 2026-02-01 的 TAZ_WORKHORSE SLA 达成率是多少？,0.866667,,M0 frozen CSVs; independent Python datetime calculation,,,,
metric-033,development,metric,2026-02-01 至 2026-04-01 的 TAZ_WORKHORSE SLA 达成率是多少？,0.947368,,M0 frozen CSVs; independent Python datetime calculation,,,,
metric-034,development,metric,2026-04-01 至 2026-06-01 的 TAZ_WORKHORSE SLA 达成率是多少？,0.6875,,M0 frozen CSVs; independent Python datetime calculation,,,,
metric-035,holdout,metric,2026-06-01 至 2026-09-01 的 TAZ_WORKHORSE SLA 达成率是多少？,0.724138,,M0 frozen CSVs; independent Python datetime calculation,,,,
metric-036,development,metric,2025-10-01 至 2025-12-01 的 TAZ_WORKHORSE SLA 达成率是多少？,0.941176,,M0 frozen CSVs; independent Python datetime calculation,,,,
metric-037,development,metric,2025-12-01 至 2026-02-01 的 TAZ_WORKHORSE SLA 达成率是多少？,0.928571,,M0 frozen CSVs; independent Python datetime calculation,,,,
metric-038,development,metric,2026-02-01 至 2026-04-01 的 TAZ_WORKHORSE SLA 达成率是多少？,0.785714,,M0 frozen CSVs; independent Python datetime calculation,,,,
metric-039,development,metric,2026-04-01 至 2026-06-01 的 TAZ_WORKHORSE SLA 达成率是多少？,0.777778,,M0 frozen CSVs; independent Python datetime calculation,,,,
metric-040,holdout,metric,2026-06-01 至 2026-09-01 的 TAZ_WORKHORSE SLA 达成率是多少？,0.555556,,M0 frozen CSVs; independent Python datetime calculation,,,,
metric-041,development,metric,2025-10-01 至 2025-12-01 的 TAZ_PRO 30 天重复故障率是多少？,0.615385,,M0 frozen CSVs; independent Python datetime calculation,,,,
metric-042,development,metric,2025-12-01 至 2026-02-01 的 TAZ_PRO 30 天重复故障率是多少？,0.65,,M0 frozen CSVs; independent Python datetime calculation,,,,
metric-043,development,metric,2026-02-01 至 2026-04-01 的 TAZ_PRO 30 天重复故障率是多少？,0.55,,M0 frozen CSVs; independent Python datetime calculation,,,,
metric-044,development,metric,2026-04-01 至 2026-06-01 的 TAZ_PRO 30 天重复故障率是多少？,0.565217,,M0 frozen CSVs; independent Python datetime calculation,,,,
metric-045,holdout,metric,2026-06-01 至 2026-09-01 的 TAZ_PRO 30 天重复故障率是多少？,0.758621,,M0 frozen CSVs; independent Python datetime calculation,,,,
metric-046,development,metric,2025-10-01 至 2025-12-01 的 TAZ_PRO 30 天重复故障率是多少？,0.25,,M0 frozen CSVs; independent Python datetime calculation,,,,
metric-047,development,metric,2025-12-01 至 2026-02-01 的 TAZ_PRO 30 天重复故障率是多少？,0.5,,M0 frozen CSVs; independent Python datetime calculation,,,,
metric-048,development,metric,2026-02-01 至 2026-04-01 的 TAZ_PRO 30 天重复故障率是多少？,0.5,,M0 frozen CSVs; independent Python datetime calculation,,,,
metric-049,development,metric,2026-04-01 至 2026-06-01 的 TAZ_PRO 30 天重复故障率是多少？,0.6,,M0 frozen CSVs; independent Python datetime calculation,,,,
metric-050,holdout,metric,2026-06-01 至 2026-09-01 的 TAZ_PRO 30 天重复故障率是多少？,0.461538,,M0 frozen CSVs; independent Python datetime calculation,,,,
metric-051,development,metric,2025-10-01 至 2025-12-01 的 TAZ_WORKHORSE 30 天重复故障率是多少？,0.454545,,M0 frozen CSVs; independent Python datetime calculation,,,,
metric-052,development,metric,2025-12-01 至 2026-02-01 的 TAZ_WORKHORSE 30 天重复故障率是多少？,0.733333,,M0 frozen CSVs; independent Python datetime calculation,,,,
metric-053,development,metric,2026-02-01 至 2026-04-01 的 TAZ_WORKHORSE 30 天重复故障率是多少？,0.631579,,M0 frozen CSVs; independent Python datetime calculation,,,,
metric-054,development,metric,2026-04-01 至 2026-06-01 的 TAZ_WORKHORSE 30 天重复故障率是多少？,0.4375,,M0 frozen CSVs; independent Python datetime calculation,,,,
metric-055,holdout,metric,2026-06-01 至 2026-09-01 的 TAZ_WORKHORSE 30 天重复故障率是多少？,0.62069,,M0 frozen CSVs; independent Python datetime calculation,,,,
metric-056,development,metric,2025-10-01 至 2025-12-01 的 TAZ_WORKHORSE 30 天重复故障率是多少？,0.380952,,M0 frozen CSVs; independent Python datetime calculation,,,,
metric-057,development,metric,2025-12-01 至 2026-02-01 的 TAZ_WORKHORSE 30 天重复故障率是多少？,0.769231,,M0 frozen CSVs; independent Python datetime calculation,,,,
metric-058,development,metric,2026-02-01 至 2026-04-01 的 TAZ_WORKHORSE 30 天重复故障率是多少？,0.740741,,M0 frozen CSVs; independent Python datetime calculation,,,,
metric-059,development,metric,2026-04-01 至 2026-06-01 的 TAZ_WORKHORSE 30 天重复故障率是多少？,0.576923,,M0 frozen CSVs; independent Python datetime calculation,,,,
metric-060,holdout,metric,2026-06-01 至 2026-09-01 的 TAZ_WORKHORSE 30 天重复故障率是多少？,0.833333,,M0 frozen CSVs; independent Python datetime calculation,,,,
document-001,development,document,TAZ_PRO 的 PROBE FAIL CLEAN NOZZLE 怎么处理？,,"{""logical_doc_id"": ""lulzbot_taz_pro_user_manual"", ""page"": 83, ""version"": ""demo-registry-v1""}",PDF physical p.83; source manifest hash; version interval,,,,
document-002,development,document,TAZ_PRO 的 PROBE FAIL CLEAN NOZZLE 如何排查？,,"{""logical_doc_id"": ""lulzbot_taz_pro_user_manual"", ""page"": 83, ""version"": ""demo-registry-v1""}",PDF physical p.83; source manifest hash; version interval,,,,
document-003,development,document,TAZ_PRO 的 PROBE FAIL CLEAN NOZZLE 处理步骤？,,"{""logical_doc_id"": ""lulzbot_taz_pro_user_manual"", ""page"": 83, ""version"": ""demo-registry-v1""}",PDF physical p.83; source manifest hash; version interval,,,,
document-004,development,document,TAZ_PRO 的 PROBE FAIL CLEAN NOZZLE 手册如何处置？,,"{""logical_doc_id"": ""lulzbot_taz_pro_user_manual"", ""page"": 83, ""version"": ""demo-registry-v1""}",PDF physical p.83; source manifest hash; version interval,,,,
document-005,holdout,document,TAZ_PRO 的 MINTEMP 怎么处理？,,"{""logical_doc_id"": ""lulzbot_taz_pro_user_manual"", ""page"": 82, ""version"": ""demo-registry-v1""}",PDF physical p.82; source manifest hash; version interval,,,,
document-006,development,document,TAZ_PRO 的 MINTEMP 如何排查？,,"{""logical_doc_id"": ""lulzbot_taz_pro_user_manual"", ""page"": 82, ""version"": ""demo-registry-v1""}",PDF physical p.82; source manifest hash; version interval,,,,
document-007,development,document,TAZ_PRO 的 MINTEMP 处理步骤？,,"{""logical_doc_id"": ""lulzbot_taz_pro_user_manual"", ""page"": 82, ""version"": ""demo-registry-v1""}",PDF physical p.82; source manifest hash; version interval,,,,
document-008,development,document,TAZ_PRO 的 MINTEMP 手册如何处置？,,"{""logical_doc_id"": ""lulzbot_taz_pro_user_manual"", ""page"": 82, ""version"": ""demo-registry-v1""}",PDF physical p.82; source manifest hash; version interval,,,,
document-009,development,document,TAZ_WORKHORSE 的 PROBE FAIL CLEAN NOZZLE 怎么处理？,,"{""logical_doc_id"": ""lulzbot_taz_workhorse_user_manual"", ""page"": 83, ""version"": ""demo-registry-v1""}",PDF physical p.83; source manifest hash; version interval,,,,
document-010,holdout,document,TAZ_WORKHORSE 的 PROBE FAIL CLEAN NOZZLE 如何排查？,,"{""logical_doc_id"": ""lulzbot_taz_workhorse_user_manual"", ""page"": 83, ""version"": ""demo-registry-v1""}",PDF physical p.83; source manifest hash; version interval,,,,
document-011,development,document,TAZ_WORKHORSE 的 PROBE FAIL CLEAN NOZZLE 处理步骤？,,"{""logical_doc_id"": ""lulzbot_taz_workhorse_user_manual"", ""page"": 83, ""version"": ""demo-registry-v1""}",PDF physical p.83; source manifest hash; version interval,,,,
document-012,development,document,TAZ_WORKHORSE 的 PROBE FAIL CLEAN NOZZLE 手册如何处置？,,"{""logical_doc_id"": ""lulzbot_taz_workhorse_user_manual"", ""page"": 83, ""version"": ""demo-registry-v1""}",PDF physical p.83; source manifest hash; version interval,,,,
document-013,development,document,TAZ_WORKHORSE 的 MINTEMP 怎么处理？,,"{""logical_doc_id"": ""lulzbot_taz_workhorse_user_manual"", ""page"": 82, ""version"": ""demo-registry-v1""}",PDF physical p.82; source manifest hash; version interval,,,,
document-014,development,document,TAZ_WORKHORSE 的 MINTEMP 如何排查？,,"{""logical_doc_id"": ""lulzbot_taz_workhorse_user_manual"", ""page"": 82, ""version"": ""demo-registry-v1""}",PDF physical p.82; source manifest hash; version interval,,,,
document-015,holdout,document,TAZ_WORKHORSE 的 MINTEMP 处理步骤？,,"{""logical_doc_id"": ""lulzbot_taz_workhorse_user_manual"", ""page"": 82, ""version"": ""demo-registry-v1""}",PDF physical p.82; source manifest hash; version interval,,,,
document-016,development,document,TAZ_WORKHORSE 的 MINTEMP 手册如何处置？,,"{""logical_doc_id"": ""lulzbot_taz_workhorse_user_manual"", ""page"": 82, ""version"": ""demo-registry-v1""}",PDF physical p.82; source manifest hash; version interval,,,,
document-017,development,document,TAZ_PRO 的 NOZZLE_WIPE 服务记录流程是什么？,,"{""logical_doc_id"": ""demo_taz_pro_service_record_note"", ""page"": 1, ""version"": ""v1""}",PDF physical p.1; source manifest hash; version interval,,,,
document-018,development,document,TAZ_PRO 的 NOZZLE_WIPE service record profile 记录流程是什么？,,"{""logical_doc_id"": ""demo_taz_pro_service_record_note"", ""page"": 1, ""version"": ""v1""}",PDF physical p.1; source manifest hash; version interval,,,,
document-019,development,document,TAZ_PRO 的 NOZZLE_WIPE 服务记录流程是什么？,,"{""logical_doc_id"": ""demo_taz_pro_service_record_note"", ""page"": 1, ""version"": ""v2""}",PDF physical p.1; source manifest hash; version interval,,,,
document-020,holdout,document,TAZ_PRO 的 NOZZLE_WIPE service record profile 记录流程是什么？,,"{""logical_doc_id"": ""demo_taz_pro_service_record_note"", ""page"": 1, ""version"": ""v2""}",PDF physical p.1; source manifest hash; version interval,,,,
combined-001,development,combined,EAST 的 TAZ Pro NOZZLE_WIPE 30 天重复故障率是多少？按哪个版本的服务记录流程处理？,0.625,"{""logical_doc_id"": ""demo_taz_pro_service_record_note"", ""page"": 1, ""version"": ""v1""}",M0 CSV oracle + project-authored PDF p.1,,,,
combined-002,development,combined,SOUTH 的 TAZ Pro NOZZLE_WIPE 30 天重复故障率是多少？按哪个版本的服务记录流程处理？,0.5,"{""logical_doc_id"": ""demo_taz_pro_service_record_note"", ""page"": 1, ""version"": ""v1""}",M0 CSV oracle + project-authored PDF p.1,,,,
combined-003,development,combined,WEST 的 TAZ Pro NOZZLE_WIPE 30 天重复故障率是多少？按哪个版本的服务记录流程处理？,0.428571,"{""logical_doc_id"": ""demo_taz_pro_service_record_note"", ""page"": 1, ""version"": ""v1""}",M0 CSV oracle + project-authored PDF p.1,,,,
combined-004,development,combined,EAST 的 TAZ Pro NOZZLE_WIPE 30 天重复故障率是多少？按哪个版本的service record profile处理？,0.625,"{""logical_doc_id"": ""demo_taz_pro_service_record_note"", ""page"": 1, ""version"": ""v1""}",M0 CSV oracle + project-authored PDF p.1,,,,
combined-005,holdout,combined,SOUTH 的 TAZ Pro NOZZLE_WIPE 30 天重复故障率是多少？按哪个版本的service record profile处理？,0.5,"{""logical_doc_id"": ""demo_taz_pro_service_record_note"", ""page"": 1, ""version"": ""v1""}",M0 CSV oracle + project-authored PDF p.1,,,,
combined-006,development,combined,WEST 的 TAZ Pro NOZZLE_WIPE 30 天重复故障率是多少？按哪个版本的service record profile处理？,0.428571,"{""logical_doc_id"": ""demo_taz_pro_service_record_note"", ""page"": 1, ""version"": ""v1""}",M0 CSV oracle + project-authored PDF p.1,,,,
combined-007,development,combined,EAST 的 TAZ Pro NOZZLE_WIPE 30 天重复故障率是多少？按哪个版本的服务记录流程处理？,0.888889,"{""logical_doc_id"": ""demo_taz_pro_service_record_note"", ""page"": 1, ""version"": ""v2""}",M0 CSV oracle + project-authored PDF p.1,,,,
combined-008,development,combined,SOUTH 的 TAZ Pro NOZZLE_WIPE 30 天重复故障率是多少？按哪个版本的服务记录流程处理？,0.666667,"{""logical_doc_id"": ""demo_taz_pro_service_record_note"", ""page"": 1, ""version"": ""v2""}",M0 CSV oracle + project-authored PDF p.1,,,,
combined-009,development,combined,WEST 的 TAZ Pro NOZZLE_WIPE 30 天重复故障率是多少？按哪个版本的服务记录流程处理？,0.733333,"{""logical_doc_id"": ""demo_taz_pro_service_record_note"", ""page"": 1, ""version"": ""v2""}",M0 CSV oracle + project-authored PDF p.1,,,,
combined-010,holdout,combined,EAST 的 TAZ Pro NOZZLE_WIPE 30 天重复故障率是多少？按哪个版本的service record profile处理？,0.888889,"{""logical_doc_id"": ""demo_taz_pro_service_record_note"", ""page"": 1, ""version"": ""v2""}",M0 CSV oracle + project-authored PDF p.1,,,,
combined-011,development,combined,SOUTH 的 TAZ Pro NOZZLE_WIPE 30 天重复故障率是多少？按哪个版本的service record profile处理？,0.666667,"{""logical_doc_id"": ""demo_taz_pro_service_record_note"", ""page"": 1, ""version"": ""v2""}",M0 CSV oracle + project-authored PDF p.1,,,,
combined-012,development,combined,WEST 的 TAZ Pro NOZZLE_WIPE 30 天重复故障率是多少？按哪个版本的service record profile处理？,0.733333,"{""logical_doc_id"": ""demo_taz_pro_service_record_note"", ""page"": 1, ""version"": ""v2""}",M0 CSV oracle + project-authored PDF p.1,,,,
refusal-001,development,refusal,这批数据为何变化？,,,M3 request and warning contract,,,,
refusal-002,development,refusal,TAZ Pro 手册在哪里？,,,M3 request and warning contract,,,,
refusal-003,development,refusal,SLA 达成率是多少？,,,M3 request and warning contract,,,,
refusal-004,development,refusal,平均修复时长是多少？,,,M3 request and warning contract,,,,
refusal-005,holdout,refusal,TAZ Pro 平均修复时长是多少？,,,M3 request and warning contract,,,,
refusal-006,development,refusal,MTTR 与 SLA 都是多少？,,,M3 request and warning contract,,,,
refusal-007,development,refusal,TAZ Pro 维修手册怎么处理？,,,M3 request and warning contract,,,,
refusal-008,holdout,refusal,TAZ Pro 的 SLA 达成率和处理手册？,,,M3 request and warning contract,,,,
