asset_id,model,site
TAZ_PRO-EAST-01,TAZ_PRO,EAST
TAZ_PRO-EAST-02,TAZ_PRO,EAST
TAZ_PRO-EAST-03,TAZ_PRO,EAST
TAZ_PRO-SOUTH-01,TAZ_PRO,SOUTH
TAZ_PRO-SOUTH-02,TAZ_PRO,SOUTH
TAZ_PRO-SOUTH-03,TAZ_PRO,SOUTH
TAZ_PRO-WEST-01,TAZ_PRO,WEST
TAZ_PRO-WEST-02,TAZ_PRO,WEST
TAZ_PRO-WEST-03,TAZ_PRO,WEST
TAZ_WORKHORSE-EAST-01,TAZ_WORKHORSE,EAST
TAZ_WORKHORSE-EAST-02,TAZ_WORKHORSE,EAST
TAZ_WORKHORSE-EAST-03,TAZ_WORKHORSE,EAST
TAZ_WORKHORSE-SOUTH-01,TAZ_WORKHORSE,SOUTH
TAZ_WORKHORSE-SOUTH-02,TAZ_WORKHORSE,SOUTH
TAZ_WORKHORSE-SOUTH-03,TAZ_WORKHORSE,SOUTH
TAZ_WORKHORSE-WEST-01,TAZ_WORKHORSE,WEST
TAZ_WORKHORSE-WEST-02,TAZ_WORKHORSE,WEST
TAZ_WORKHORSE-WEST-03,TAZ_WORKHORSE,WEST
