work_order_id,asset_id,fault_code,priority,opened_at,resolved_at,status
WO-00001,TAZ_PRO-EAST-02,HOTEND_TEMP,P1,2025-10-01T04:44:00Z,2025-10-01T15:38:36Z,resolved
WO-00002,TAZ_WORKHORSE-EAST-02,FILAMENT_FEED,P1,2025-10-01T10:35:00Z,2025-10-01T19:51:48Z,resolved
WO-00003,TAZ_PRO-WEST-03,FILAMENT_FEED,P2,2025-10-02T01:03:00Z,2025-10-02T22:08:24Z,resolved
WO-00004,TAZ_PRO-WEST-03,FILAMENT_FEED,P3,2025-10-02T08:52:00Z,2025-10-11T06:35:12Z,resolved
WO-00005,TAZ_PRO-EAST-02,HOTEND_TEMP,P3,2025-10-03T05:32:00Z,2025-10-05T23:18:12Z,resolved
WO-00006,TAZ_WORKHORSE-SOUTH-02,FILAMENT_FEED,P3,2025-10-03T09:43:00Z,2025-10-07T05:14:12Z,resolved
WO-00007,TAZ_PRO-EAST-03,BED_ADHESION,P2,2025-10-04T02:05:00Z,2025-10-05T18:03:48Z,resolved
WO-00008,TAZ_PRO-SOUTH-01,MOTION_AXIS,P2,2025-10-04T02:39:00Z,2025-10-05T22:48:00Z,resolved
WO-00009,TAZ_PRO-EAST-02,HOTEND_TEMP,P2,2025-10-05T04:50:00Z,2025-10-07T07:32:00Z,resolved
WO-00010,TAZ_PRO-SOUTH-01,HOTEND_TEMP,P2,2025-10-05T08:01:00Z,2025-10-05T20:25:36Z,resolved
WO-00011,TAZ_PRO-WEST-03,HOTEND_TEMP,P3,2025-10-06T01:44:00Z,2025-10-10T19:27:48Z,resolved
WO-00012,TAZ_PRO-EAST-03,BED_ADHESION,P2,2025-10-06T02:23:00Z,2025-10-07T10:02:00Z,resolved
WO-00013,TAZ_WORKHORSE-WEST-03,MOTION_AXIS,P2,2025-10-07T01:19:00Z,2025-10-08T03:56:48Z,resolved
WO-00014,TAZ_WORKHORSE-SOUTH-01,BED_ADHESION,P2,2025-10-07T06:23:00Z,2025-10-08T10:30:12Z,resolved
WO-00015,TAZ_WORKHORSE-EAST-01,HOTEND_TEMP,P1,2025-10-08T01:17:00Z,2025-10-08T09:36:12Z,resolved
WO-00016,TAZ_PRO-EAST-02,HOTEND_TEMP,P2,2025-10-08T10:25:00Z,2025-10-09T19:28:00Z,resolved
WO-00017,TAZ_PRO-EAST-01,FILAMENT_FEED,P2,2025-10-09T02:41:00Z,2025-10-11T11:36:12Z,resolved
WO-00018,TAZ_PRO-EAST-02,HOTEND_TEMP,P3,2025-10-09T05:13:00Z,2025-10-10T23:28:00Z,resolved
WO-00019,TAZ_WORKHORSE-WEST-02,BED_ADHESION,P2,2025-10-10T05:06:00Z,2025-10-11T11:41:24Z,resolved
WO-00020,TAZ_WORKHORSE-WEST-01,BED_ADHESION,P2,2025-10-10T09:21:00Z,2025-10-11T13:14:24Z,resolved
WO-00021,TAZ_WORKHORSE-SOUTH-02,BED_ADHESION,P2,2025-10-11T03:42:00Z,2025-10-14T01:37:48Z,resolved
WO-00022,TAZ_PRO-SOUTH-02,BED_ADHESION,P2,2025-10-11T04:09:00Z,2025-10-13T09:26:24Z,resolved
WO-00023,TAZ_WORKHORSE-WEST-03,HOTEND_TEMP,P1,2025-10-12T04:06:00Z,2025-10-12T07:41:24Z,resolved
WO-00024,TAZ_PRO-WEST-03,FILAMENT_FEED,P1,2025-10-12T06:50:00Z,2025-10-12T19:20:36Z,resolved
WO-00025,TAZ_WORKHORSE-WEST-03,HOTEND_TEMP,P3,2025-10-13T02:51:00Z,2025-10-16T22:00:00Z,resolved
WO-00026,TAZ_WORKHORSE-WEST-02,FILAMENT_FEED,P2,2025-10-13T03:33:00Z,2025-10-13T22:51:36Z,resolved
WO-00027,TAZ_PRO-SOUTH-01,HOTEND_TEMP,P2,2025-10-14T06:59:00Z,2025-10-14T16:30:48Z,resolved
WO-00028,TAZ_WORKHORSE-WEST-03,HOTEND_TEMP,P3,2025-10-14T10:05:00Z,2025-10-18T17:50:36Z,resolved
WO-00029,TAZ_PRO-EAST-02,HOTEND_TEMP,P3,2025-10-15T02:45:00Z,2025-10-17T13:58:12Z,resolved
WO-00030,TAZ_PRO-SOUTH-03,NOZZLE_WIPE,P2,2025-10-15T08:37:00Z,2025-10-16T08:52:36Z,resolved
WO-00031,TAZ_WORKHORSE-EAST-01,FILAMENT_FEED,P1,2025-10-16T03:16:00Z,2025-10-16T10:28:00Z,resolved
WO-00032,TAZ_WORKHORSE-SOUTH-03,MOTION_AXIS,P3,2025-10-16T04:29:00Z,2025-10-18T15:47:36Z,resolved
WO-00033,TAZ_WORKHORSE-WEST-03,HOTEND_TEMP,P3,2025-10-17T06:25:00Z,2025-10-20T00:34:36Z,resolved
WO-00034,TAZ_WORKHORSE-SOUTH-03,BED_ADHESION,P2,2025-10-17T10:24:00Z,2025-10-18T20:12:36Z,resolved
WO-00035,TAZ_WORKHORSE-WEST-02,BED_ADHESION,P2,2025-10-18T08:14:00Z,2025-10-19T22:51:48Z,resolved
WO-00036,TAZ_PRO-EAST-03,FILAMENT_FEED,P3,2025-10-18T09:45:00Z,2025-10-19T10:09:00Z,resolved
WO-00037,TAZ_WORKHORSE-EAST-03,HOTEND_TEMP,P2,2025-10-19T04:27:00Z,2025-10-20T18:32:24Z,resolved
WO-00038,TAZ_PRO-EAST-01,HOTEND_TEMP,P3,2025-10-19T07:53:00Z,2025-10-25T01:45:48Z,resolved
WO-00039,TAZ_PRO-EAST-02,NOZZLE_WIPE,P3,2025-10-20T00:42:00Z,2025-10-22T18:45:36Z,resolved
WO-00040,TAZ_WORKHORSE-EAST-01,BED_ADHESION,P2,2025-10-20T04:35:00Z,2025-10-21T22:08:00Z,resolved
WO-00041,TAZ_WORKHORSE-WEST-03,BED_ADHESION,P2,2025-10-21T02:49:00Z,2025-10-22T18:37:00Z,resolved
WO-00042,TAZ_PRO-SOUTH-02,MOTION_AXIS,P2,2025-10-21T09:11:00Z,2025-10-25T01:05:00Z,resolved
WO-00043,TAZ_PRO-WEST-03,FILAMENT_FEED,P3,2025-10-22T03:35:00Z,2025-10-25T13:12:48Z,resolved
WO-00044,TAZ_PRO-EAST-03,BED_ADHESION,P2,2025-10-22T08:54:00Z,2025-10-23T16:13:12Z,resolved
WO-00045,TAZ_WORKHORSE-WEST-02,BED_ADHESION,P2,2025-10-23T10:05:00Z,2025-10-25T05:29:36Z,resolved
WO-00046,TAZ_PRO-SOUTH-01,HOTEND_TEMP,P1,2025-10-23T10:41:00Z,2025-10-24T02:50:00Z,resolved
WO-00047,TAZ_PRO-SOUTH-03,NOZZLE_WIPE,P3,2025-10-24T00:00:00Z,2025-10-26T03:36:36Z,resolved
WO-00048,TAZ_PRO-EAST-02,HOTEND_TEMP,P2,2025-10-24T02:41:00Z,2025-10-30T18:18:12Z,resolved
WO-00049,TAZ_PRO-WEST-02,BED_ADHESION,P3,2025-10-25T01:23:00Z,2025-10-28T08:45:48Z,resolved
WO-00050,TAZ_WORKHORSE-EAST-03,BED_ADHESION,P3,2025-10-25T10:42:00Z,2025-10-26T19:46:12Z,resolved
WO-00051,TAZ_WORKHORSE-SOUTH-02,FILAMENT_FEED,P2,2025-10-26T01:48:00Z,2025-10-27T08:45:36Z,resolved
WO-00052,TAZ_PRO-EAST-01,MOTION_AXIS,P3,2025-10-26T05:23:00Z,2025-10-29T13:44:36Z,resolved
WO-00053,TAZ_PRO-WEST-01,FILAMENT_FEED,P2,2025-10-27T03:24:00Z,2025-10-29T02:33:00Z,resolved
WO-00054,TAZ_PRO-WEST-03,FILAMENT_FEED,P2,2025-10-27T08:46:00Z,2025-10-29T06:07:36Z,resolved
WO-00055,TAZ_WORKHORSE-SOUTH-03,FILAMENT_FEED,P1,2025-10-28T06:12:00Z,2025-10-29T04:11:24Z,resolved
WO-00056,TAZ_PRO-EAST-03,BED_ADHESION,P2,2025-10-28T06:23:00Z,2025-10-28T20:48:12Z,resolved
WO-00057,TAZ_WORKHORSE-EAST-01,FILAMENT_FEED,P1,2025-10-29T07:52:00Z,2025-10-30T14:31:00Z,resolved
WO-00058,TAZ_WORKHORSE-EAST-02,MOTION_AXIS,P2,2025-10-29T09:23:00Z,2025-10-31T12:08:36Z,resolved
WO-00059,TAZ_WORKHORSE-EAST-02,FILAMENT_FEED,P2,2025-10-30T04:10:00Z,2025-11-02T13:01:00Z,resolved
WO-00060,TAZ_WORKHORSE-EAST-01,FILAMENT_FEED,P2,2025-10-30T04:48:00Z,2025-11-01T02:41:24Z,resolved
WO-00061,TAZ_WORKHORSE-SOUTH-01,FILAMENT_FEED,P2,2025-10-31T03:18:00Z,2025-10-31T19:03:00Z,resolved
WO-00062,TAZ_PRO-EAST-01,FILAMENT_FEED,P2,2025-10-31T06:52:00Z,2025-11-01T20:53:48Z,resolved
WO-00063,TAZ_PRO-EAST-02,HOTEND_TEMP,P2,2025-11-01T02:32:00Z,2025-11-03T06:18:48Z,resolved
WO-00064,TAZ_WORKHORSE-SOUTH-03,FILAMENT_FEED,P1,2025-11-01T06:54:00Z,2025-11-01T23:42:00Z,resolved
WO-00065,TAZ_WORKHORSE-SOUTH-02,HOTEND_TEMP,P2,2025-11-02T05:09:00Z,2025-11-05T23:57:36Z,resolved
WO-00066,TAZ_PRO-EAST-02,MOTION_AXIS,P3,2025-11-02T05:48:00Z,2025-11-08T12:47:24Z,resolved
WO-00067,TAZ_PRO-WEST-02,BED_ADHESION,P2,2025-11-03T06:39:00Z,2025-11-04T01:57:00Z,resolved
WO-00068,TAZ_WORKHORSE-SOUTH-02,MOTION_AXIS,P3,2025-11-03T09:05:00Z,2025-11-04T05:44:36Z,resolved
WO-00069,TAZ_PRO-WEST-02,NOZZLE_WIPE,P3,2025-11-04T01:37:00Z,2025-11-12T08:16:00Z,resolved
WO-00070,TAZ_WORKHORSE-WEST-02,BED_ADHESION,P3,2025-11-04T03:03:00Z,2025-11-06T07:39:00Z,resolved
WO-00071,TAZ_PRO-WEST-03,NOZZLE_WIPE,P2,2025-11-05T04:53:00Z,2025-11-06T16:51:48Z,resolved
WO-00072,TAZ_PRO-SOUTH-02,NOZZLE_WIPE,P3,2025-11-05T04:53:00Z,2025-11-10T14:44:36Z,resolved
WO-00073,TAZ_WORKHORSE-SOUTH-01,HOTEND_TEMP,P2,2025-11-06T02:09:00Z,2025-11-06T13:57:36Z,resolved
WO-00074,TAZ_WORKHORSE-EAST-02,MOTION_AXIS,P2,2025-11-06T07:23:00Z,2025-11-08T06:18:12Z,resolved
WO-00075,TAZ_WORKHORSE-SOUTH-03,BED_ADHESION,P3,2025-11-07T01:32:00Z,2025-11-10T17:48:12Z,resolved
WO-00076,TAZ_PRO-WEST-03,BED_ADHESION,P2,2025-11-07T06:23:00Z,2025-11-10T10:12:48Z,resolved
WO-00077,TAZ_PRO-SOUTH-02,NOZZLE_WIPE,P2,2025-11-08T07:23:00Z,2025-11-09T02:36:12Z,resolved
WO-00078,TAZ_WORKHORSE-EAST-01,MOTION_AXIS,P2,2025-11-08T08:00:00Z,2025-11-09T22:34:12Z,resolved
WO-00079,TAZ_PRO-EAST-01,HOTEND_TEMP,P2,2025-11-09T06:25:00Z,2025-11-09T23:29:12Z,resolved
WO-00080,TAZ_PRO-EAST-01,BED_ADHESION,P3,2025-11-09T07:17:00Z,2025-11-11T22:50:00Z,resolved
WO-00081,TAZ_WORKHORSE-EAST-01,HOTEND_TEMP,P2,2025-11-10T05:42:00Z,2025-11-12T12:19:48Z,resolved
WO-00082,TAZ_WORKHORSE-WEST-03,MOTION_AXIS,P2,2025-11-10T06:43:00Z,2025-11-12T07:02:48Z,resolved
WO-00083,TAZ_WORKHORSE-EAST-02,FILAMENT_FEED,P3,2025-11-11T08:36:00Z,2025-11-13T14:11:24Z,resolved
WO-00084,TAZ_PRO-SOUTH-03,FILAMENT_FEED,P2,2025-11-11T08:40:00Z,2025-11-15T08:12:24Z,resolved
WO-00085,TAZ_PRO-EAST-02,NOZZLE_WIPE,P2,2025-11-12T04:09:00Z,2025-11-13T11:59:24Z,resolved
WO-00086,TAZ_WORKHORSE-WEST-02,HOTEND_TEMP,P3,2025-11-12T06:43:00Z,2025-11-17T05:37:00Z,resolved
WO-00087,TAZ_WORKHORSE-EAST-02,BED_ADHESION,P3,2025-11-13T04:17:00Z,2025-11-14T10:11:36Z,resolved
WO-00088,TAZ_WORKHORSE-WEST-02,BED_ADHESION,P3,2025-11-13T08:46:00Z,2025-11-15T11:35:12Z,resolved
WO-00089,TAZ_PRO-WEST-02,HOTEND_TEMP,P2,2025-11-14T05:31:00Z,2025-11-14T22:33:24Z,resolved
WO-00090,TAZ_PRO-SOUTH-02,HOTEND_TEMP,P3,2025-11-14T08:46:00Z,2025-11-24T08:46:00Z,resolved
WO-00091,TAZ_WORKHORSE-EAST-01,FILAMENT_FEED,P2,2025-11-15T00:40:00Z,2025-11-15T17:06:24Z,resolved
WO-00092,TAZ_PRO-EAST-02,BED_ADHESION,P2,2025-11-15T08:19:00Z,2025-11-16T08:40:36Z,resolved
WO-00093,TAZ_WORKHORSE-SOUTH-02,HOTEND_TEMP,P2,2025-11-16T05:43:00Z,2025-11-19T03:02:48Z,resolved
WO-00094,TAZ_WORKHORSE-EAST-01,FILAMENT_FEED,P1,2025-11-16T07:54:00Z,2025-11-16T22:16:12Z,resolved
WO-00095,TAZ_PRO-WEST-02,HOTEND_TEMP,P2,2025-11-17T04:17:00Z,2025-11-18T06:44:36Z,resolved
WO-00096,TAZ_PRO-SOUTH-02,MOTION_AXIS,P3,2025-11-17T08:10:00Z,2025-11-22T22:53:48Z,resolved
WO-00097,TAZ_PRO-WEST-02,HOTEND_TEMP,P2,2025-11-18T04:16:00Z,2025-11-19T03:08:48Z,resolved
WO-00098,TAZ_WORKHORSE-EAST-03,HOTEND_TEMP,P2,2025-11-18T08:05:00Z,2025-11-19T01:30:12Z,resolved
WO-00099,TAZ_WORKHORSE-WEST-02,BED_ADHESION,P3,2025-11-19T07:45:00Z,2025-11-21T21:32:24Z,resolved
WO-00100,TAZ_WORKHORSE-WEST-02,BED_ADHESION,P3,2025-11-19T08:55:00Z,2025-11-29T08:55:00Z,resolved
WO-00101,TAZ_WORKHORSE-SOUTH-02,BED_ADHESION,P2,2025-11-20T03:27:00Z,2025-11-21T19:59:24Z,resolved
WO-00102,TAZ_WORKHORSE-SOUTH-03,FILAMENT_FEED,P1,2025-11-20T04:49:00Z,2025-11-21T04:30:24Z,resolved
WO-00103,TAZ_WORKHORSE-EAST-03,BED_ADHESION,P3,2025-11-21T03:49:00Z,2025-11-23T09:01:36Z,resolved
WO-00104,TAZ_PRO-EAST-01,HOTEND_TEMP,P2,2025-11-21T05:28:00Z,2025-11-22T03:05:12Z,resolved
WO-00105,TAZ_PRO-SOUTH-02,HOTEND_TEMP,P2,2025-11-22T04:13:00Z,2025-11-22T15:14:12Z,resolved
WO-00106,TAZ_PRO-WEST-03,BED_ADHESION,P1,2025-11-22T09:32:00Z,2025-11-22T23:53:00Z,resolved
WO-00107,TAZ_WORKHORSE-EAST-01,FILAMENT_FEED,P2,2025-11-23T03:00:00Z,2025-11-23T12:56:24Z,resolved
WO-00108,TAZ_WORKHORSE-SOUTH-02,BED_ADHESION,P2,2025-11-23T08:50:00Z,2025-11-24T09:54:48Z,resolved
WO-00109,TAZ_PRO-SOUTH-03,MOTION_AXIS,P2,2025-11-24T00:00:00Z,2025-11-25T17:44:24Z,resolved
WO-00110,TAZ_PRO-EAST-01,BED_ADHESION,P2,2025-11-24T06:12:00Z,2025-11-26T17:22:48Z,resolved
WO-00111,TAZ_WORKHORSE-WEST-02,FILAMENT_FEED,P2,2025-11-25T05:42:00Z,2025-11-27T00:24:36Z,resolved
WO-00112,TAZ_WORKHORSE-EAST-02,HOTEND_TEMP,P3,2025-11-25T05:54:00Z,2025-11-27T13:30:00Z,resolved
WO-00113,TAZ_WORKHORSE-SOUTH-03,HOTEND_TEMP,P3,2025-11-26T04:38:00Z,2025-11-30T17:24:12Z,resolved
WO-00114,TAZ_WORKHORSE-SOUTH-03,HOTEND_TEMP,P3,2025-11-26T07:39:00Z,2025-11-30T09:39:36Z,resolved
WO-00115,TAZ_PRO-SOUTH-02,FILAMENT_FEED,P2,2025-11-27T06:09:00Z,2025-11-27T20:25:12Z,resolved
WO-00116,TAZ_PRO-EAST-01,FILAMENT_FEED,P2,2025-11-27T06:23:00Z,2025-11-28T09:53:36Z,resolved
WO-00117,TAZ_WORKHORSE-SOUTH-03,FILAMENT_FEED,P3,2025-11-28T02:10:00Z,2025-12-01T02:40:00Z,resolved
WO-00118,TAZ_PRO-WEST-03,BED_ADHESION,P3,2025-11-28T04:19:00Z,2025-12-03T07:28:00Z,resolved
WO-00119,TAZ_WORKHORSE-SOUTH-02,HOTEND_TEMP,P3,2025-11-29T01:28:00Z,2025-12-03T04:26:12Z,resolved
WO-00120,TAZ_WORKHORSE-WEST-01,BED_ADHESION,P2,2025-11-29T04:24:00Z,2025-11-30T03:37:12Z,resolved
WO-00121,TAZ_WORKHORSE-EAST-03,FILAMENT_FEED,P1,2025-11-30T02:59:00Z,2025-12-01T17:47:00Z,resolved
WO-00122,TAZ_WORKHORSE-WEST-02,MOTION_AXIS,P1,2025-11-30T08:15:00Z,2025-11-30T16:57:36Z,resolved
WO-00123,TAZ_WORKHORSE-EAST-02,MOTION_AXIS,P2,2025-12-01T09:12:00Z,2025-12-03T02:27:00Z,resolved
WO-00124,TAZ_WORKHORSE-WEST-02,HOTEND_TEMP,P2,2025-12-01T10:57:00Z,2025-12-01T20:16:12Z,resolved
WO-00125,TAZ_PRO-EAST-02,FILAMENT_FEED,P2,2025-12-02T02:11:00Z,2025-12-04T08:06:48Z,resolved
WO-00126,TAZ_PRO-EAST-02,NOZZLE_WIPE,P3,2025-12-02T07:40:00Z,2025-12-04T07:04:00Z,resolved
WO-00127,TAZ_WORKHORSE-EAST-03,HOTEND_TEMP,P3,2025-12-03T09:50:00Z,2025-12-05T11:51:12Z,resolved
WO-00128,TAZ_PRO-EAST-01,BED_ADHESION,P2,2025-12-03T10:45:00Z,2025-12-04T10:22:48Z,resolved
WO-00129,TAZ_WORKHORSE-SOUTH-02,MOTION_AXIS,P2,2025-12-04T05:38:00Z,2025-12-05T00:18:48Z,resolved
WO-00130,TAZ_WORKHORSE-SOUTH-01,MOTION_AXIS,P2,2025-12-04T06:16:00Z,2025-12-05T07:15:24Z,resolved
WO-00131,TAZ_WORKHORSE-SOUTH-02,BED_ADHESION,P2,2025-12-05T05:23:00Z,2025-12-06T20:49:24Z,resolved
WO-00132,TAZ_WORKHORSE-EAST-01,BED_ADHESION,P3,2025-12-05T05:40:00Z,2025-12-08T05:56:48Z,resolved
WO-00133,TAZ_PRO-WEST-03,MOTION_AXIS,P2,2025-12-06T08:01:00Z,2025-12-08T20:04:00Z,resolved
WO-00134,TAZ_WORKHORSE-WEST-01,HOTEND_TEMP,P2,2025-12-06T08:55:00Z,2025-12-09T12:56:48Z,resolved
WO-00135,TAZ_PRO-EAST-01,MOTION_AXIS,P3,2025-12-07T02:42:00Z,2025-12-12T20:05:24Z,resolved
WO-00136,TAZ_WORKHORSE-WEST-02,HOTEND_TEMP,P3,2025-12-07T04:06:00Z,2025-12-09T05:42:00Z,resolved
WO-00137,TAZ_WORKHORSE-SOUTH-03,FILAMENT_FEED,P3,2025-12-08T05:00:00Z,2025-12-09T18:37:48Z,resolved
WO-00138,TAZ_PRO-EAST-01,BED_ADHESION,P2,2025-12-08T06:41:00Z,2025-12-09T03:03:48Z,resolved
WO-00139,TAZ_PRO-SOUTH-01,BED_ADHESION,P2,2025-12-09T00:27:00Z,2025-12-12T18:55:12Z,resolved
WO-00140,TAZ_PRO-EAST-01,BED_ADHESION,P1,2025-12-09T09:44:00Z,2025-12-10T07:05:00Z,resolved
WO-00141,TAZ_PRO-SOUTH-02,FILAMENT_FEED,P3,2025-12-10T01:30:00Z,2025-12-12T01:18:00Z,resolved
WO-00142,TAZ_WORKHORSE-SOUTH-03,BED_ADHESION,P2,2025-12-10T05:00:00Z,2025-12-10T16:39:36Z,resolved
WO-00143,TAZ_PRO-WEST-01,HOTEND_TEMP,P3,2025-12-11T09:56:00Z,2025-12-13T08:30:48Z,resolved
WO-00144,TAZ_PRO-EAST-01,HOTEND_TEMP,P3,2025-12-11T10:59:00Z,2025-12-13T21:11:00Z,resolved
WO-00145,TAZ_WORKHORSE-EAST-02,HOTEND_TEMP,P2,2025-12-12T03:16:00Z,2025-12-16T08:59:48Z,resolved
WO-00146,TAZ_WORKHORSE-EAST-01,BED_ADHESION,P2,2025-12-12T04:34:00Z,2025-12-12T18:55:00Z,resolved
WO-00147,TAZ_PRO-SOUTH-01,BED_ADHESION,P3,2025-12-13T06:39:00Z,2025-12-18T02:25:48Z,resolved
WO-00148,TAZ_WORKHORSE-EAST-02,BED_ADHESION,P2,2025-12-13T08:49:00Z,2025-12-16T00:05:12Z,resolved
WO-00149,TAZ_WORKHORSE-EAST-02,HOTEND_TEMP,P1,2025-12-14T02:50:00Z,2025-12-14T11:57:12Z,resolved
WO-00150,TAZ_PRO-SOUTH-03,MOTION_AXIS,P2,2025-12-14T09:06:00Z,2025-12-15T09:40:48Z,resolved
WO-00151,TAZ_WORKHORSE-EAST-03,BED_ADHESION,P2,2025-12-15T02:54:00Z,2025-12-16T14:10:12Z,resolved
WO-00152,TAZ_PRO-SOUTH-01,BED_ADHESION,P1,2025-12-15T09:15:00Z,2025-12-16T01:39:00Z,resolved
WO-00153,TAZ_PRO-WEST-01,FILAMENT_FEED,P1,2025-12-16T00:32:00Z,2025-12-16T08:18:48Z,resolved
WO-00154,TAZ_PRO-SOUTH-01,HOTEND_TEMP,P3,2025-12-16T05:43:00Z,2025-12-23T14:13:00Z,resolved
WO-00155,TAZ_WORKHORSE-WEST-02,FILAMENT_FEED,P3,2025-12-17T04:16:00Z,2025-12-21T11:46:36Z,resolved
WO-00156,TAZ_WORKHORSE-SOUTH-01,HOTEND_TEMP,P2,2025-12-17T08:21:00Z,2025-12-18T00:17:24Z,resolved
WO-00157,TAZ_WORKHORSE-SOUTH-02,BED_ADHESION,P2,2025-12-18T02:06:00Z,2025-12-20T02:58:48Z,resolved
WO-00158,TAZ_WORKHORSE-SOUTH-03,FILAMENT_FEED,P1,2025-12-18T07:41:00Z,2025-12-18T19:38:36Z,resolved
WO-00159,TAZ_PRO-EAST-01,BED_ADHESION,P1,2025-12-19T04:09:00Z,2025-12-19T14:31:48Z,resolved
WO-00160,TAZ_PRO-SOUTH-02,FILAMENT_FEED,P3,2025-12-19T04:33:00Z,2025-12-24T16:10:12Z,resolved
WO-00161,TAZ_WORKHORSE-SOUTH-03,BED_ADHESION,P2,2025-12-20T04:37:00Z,2025-12-22T13:10:36Z,resolved
WO-00162,TAZ_WORKHORSE-WEST-01,FILAMENT_FEED,P3,2025-12-20T09:47:00Z,2025-12-24T20:16:24Z,resolved
WO-00163,TAZ_PRO-EAST-03,HOTEND_TEMP,P3,2025-12-21T04:24:00Z,2025-12-23T16:37:48Z,resolved
WO-00164,TAZ_PRO-WEST-02,NOZZLE_WIPE,P3,2025-12-21T07:30:00Z,2025-12-22T23:24:00Z,resolved
WO-00165,TAZ_WORKHORSE-EAST-03,BED_ADHESION,P2,2025-12-22T01:14:00Z,2025-12-23T19:17:36Z,resolved
WO-00166,TAZ_WORKHORSE-SOUTH-02,FILAMENT_FEED,P2,2025-12-22T07:33:00Z,2025-12-22T21:58:12Z,resolved
WO-00167,TAZ_WORKHORSE-SOUTH-03,HOTEND_TEMP,P2,2025-12-23T03:04:00Z,2025-12-25T12:50:48Z,resolved
WO-00168,TAZ_PRO-EAST-02,FILAMENT_FEED,P2,2025-12-23T04:02:00Z,2025-12-26T02:17:00Z,resolved
WO-00169,TAZ_PRO-EAST-01,MOTION_AXIS,P3,2025-12-24T02:27:00Z,2026-01-01T07:27:00Z,resolved
WO-00170,TAZ_PRO-EAST-02,FILAMENT_FEED,P2,2025-12-24T04:43:00Z,2025-12-25T22:59:12Z,resolved
WO-00171,TAZ_WORKHORSE-EAST-02,FILAMENT_FEED,P2,2025-12-25T08:42:00Z,2025-12-29T14:16:12Z,resolved
WO-00172,TAZ_PRO-SOUTH-03,BED_ADHESION,P2,2025-12-25T08:56:00Z,2025-12-26T05:03:12Z,resolved
WO-00173,TAZ_WORKHORSE-WEST-03,FILAMENT_FEED,P3,2025-12-26T00:59:00Z,2025-12-29T18:56:36Z,resolved
WO-00174,TAZ_WORKHORSE-EAST-01,HOTEND_TEMP,P3,2025-12-26T03:27:00Z,2025-12-31T03:15:00Z,resolved
WO-00175,TAZ_WORKHORSE-EAST-03,BED_ADHESION,P3,2025-12-27T02:33:00Z,2025-12-31T01:29:24Z,resolved
WO-00176,TAZ_WORKHORSE-WEST-03,FILAMENT_FEED,P3,2025-12-27T08:09:00Z,2026-01-01T06:55:48Z,resolved
WO-00177,TAZ_WORKHORSE-SOUTH-01,BED_ADHESION,P3,2025-12-28T04:41:00Z,2025-12-30T22:41:00Z,resolved
WO-00178,TAZ_WORKHORSE-SOUTH-02,MOTION_AXIS,P2,2025-12-28T05:12:00Z,2026-01-03T02:00:00Z,resolved
WO-00179,TAZ_WORKHORSE-SOUTH-01,HOTEND_TEMP,P3,2025-12-29T09:53:00Z,2026-01-01T01:28:24Z,resolved
WO-00180,TAZ_WORKHORSE-EAST-03,BED_ADHESION,P3,2025-12-29T10:57:00Z,2026-01-02T01:26:24Z,resolved
WO-00181,TAZ_WORKHORSE-SOUTH-01,FILAMENT_FEED,P3,2025-12-30T07:21:00Z,2025-12-31T15:21:00Z,resolved
WO-00182,TAZ_WORKHORSE-WEST-02,MOTION_AXIS,P2,2025-12-30T10:16:00Z,2025-12-31T08:27:24Z,resolved
WO-00183,TAZ_WORKHORSE-WEST-01,HOTEND_TEMP,P1,2025-12-31T02:34:00Z,2025-12-31T15:14:12Z,resolved
WO-00184,TAZ_WORKHORSE-EAST-03,BED_ADHESION,P2,2025-12-31T04:20:00Z,2026-01-02T12:50:00Z,resolved
WO-00185,TAZ_PRO-SOUTH-02,FILAMENT_FEED,P1,2026-01-01T09:04:00Z,2026-01-02T08:22:00Z,resolved
WO-00186,TAZ_PRO-EAST-01,HOTEND_TEMP,P1,2026-01-01T09:21:00Z,2026-01-01T17:38:24Z,resolved
WO-00187,TAZ_WORKHORSE-WEST-01,HOTEND_TEMP,P1,2026-01-02T02:35:00Z,2026-01-03T01:05:00Z,resolved
WO-00188,TAZ_PRO-EAST-02,FILAMENT_FEED,P3,2026-01-02T03:49:00Z,2026-01-12T02:48:24Z,resolved
WO-00189,TAZ_PRO-SOUTH-02,HOTEND_TEMP,P2,2026-01-03T04:40:00Z,2026-01-03T18:21:24Z,resolved
WO-00190,TAZ_WORKHORSE-SOUTH-01,HOTEND_TEMP,P2,2026-01-03T10:58:00Z,2026-01-04T14:06:24Z,resolved
WO-00191,TAZ_WORKHORSE-WEST-02,MOTION_AXIS,P3,2026-01-04T05:54:00Z,2026-01-08T18:00:00Z,resolved
WO-00192,TAZ_WORKHORSE-EAST-02,BED_ADHESION,P3,2026-01-04T06:22:00Z,2026-01-09T19:07:36Z,resolved
WO-00193,TAZ_WORKHORSE-SOUTH-02,FILAMENT_FEED,P3,2026-01-05T05:50:00Z,2026-01-06T06:51:48Z,resolved
WO-00194,TAZ_WORKHORSE-EAST-02,HOTEND_TEMP,P1,2026-01-05T09:08:00Z,2026-01-05T12:16:24Z,resolved
WO-00195,TAZ_WORKHORSE-WEST-02,HOTEND_TEMP,P2,2026-01-06T06:55:00Z,2026-01-08T19:09:24Z,resolved
WO-00196,TAZ_WORKHORSE-WEST-02,BED_ADHESION,P1,2026-01-06T09:38:00Z,2026-01-09T10:37:24Z,resolved
WO-00197,TAZ_PRO-SOUTH-02,FILAMENT_FEED,P3,2026-01-07T06:51:00Z,2026-01-17T06:20:24Z,resolved
WO-00198,TAZ_WORKHORSE-SOUTH-03,BED_ADHESION,P2,2026-01-07T09:01:00Z,2026-01-09T06:31:36Z,resolved
WO-00199,TAZ_WORKHORSE-SOUTH-03,HOTEND_TEMP,P2,2026-01-08T04:55:00Z,2026-01-08T14:20:12Z,resolved
WO-00200,TAZ_WORKHORSE-EAST-01,FILAMENT_FEED,P2,2026-01-08T09:18:00Z,2026-01-09T08:46:12Z,resolved
WO-00201,TAZ_WORKHORSE-WEST-01,FILAMENT_FEED,P2,2026-01-09T00:00:00Z,2026-01-10T23:00:00Z,resolved
WO-00202,TAZ_WORKHORSE-SOUTH-02,BED_ADHESION,P3,2026-01-09T02:19:00Z,2026-01-10T07:31:00Z,resolved
WO-00203,TAZ_PRO-EAST-02,BED_ADHESION,P3,2026-01-10T01:28:00Z,2026-01-15T19:04:36Z,resolved
WO-00204,TAZ_PRO-WEST-02,HOTEND_TEMP,P2,2026-01-10T04:56:00Z,2026-01-11T18:58:24Z,resolved
WO-00205,TAZ_PRO-WEST-02,NOZZLE_WIPE,P2,2026-01-11T02:34:00Z,2026-01-13T01:23:12Z,resolved
WO-00206,TAZ_WORKHORSE-WEST-03,HOTEND_TEMP,P3,2026-01-11T10:37:00Z,2026-01-17T09:00:24Z,resolved
WO-00207,TAZ_WORKHORSE-EAST-01,BED_ADHESION,P2,2026-01-12T02:38:00Z,2026-01-13T03:35:00Z,resolved
WO-00208,TAZ_PRO-WEST-02,FILAMENT_FEED,P3,2026-01-12T03:29:00Z,2026-01-14T15:27:48Z,resolved
WO-00209,TAZ_PRO-WEST-03,NOZZLE_WIPE,P2,2026-01-13T00:16:00Z,2026-01-14T05:55:36Z,resolved
WO-00210,TAZ_PRO-EAST-01,FILAMENT_FEED,P2,2026-01-13T03:49:00Z,2026-01-14T07:22:00Z,resolved
WO-00211,TAZ_WORKHORSE-EAST-02,BED_ADHESION,P3,2026-01-14T05:41:00Z,2026-01-17T20:00:12Z,resolved
WO-00212,TAZ_PRO-WEST-02,FILAMENT_FEED,P2,2026-01-14T10:04:00Z,2026-01-15T08:28:00Z,resolved
WO-00213,TAZ_WORKHORSE-SOUTH-01,HOTEND_TEMP,P2,2026-01-15T04:12:00Z,2026-01-19T11:12:36Z,resolved
WO-00214,TAZ_WORKHORSE-EAST-02,BED_ADHESION,P3,2026-01-15T08:17:00Z,2026-01-18T14:27:12Z,resolved
WO-00215,TAZ_WORKHORSE-WEST-01,HOTEND_TEMP,P1,2026-01-16T02:19:00Z,2026-01-16T12:33:24Z,resolved
WO-00216,TAZ_WORKHORSE-SOUTH-03,FILAMENT_FEED,P2,2026-01-16T09:35:00Z,2026-01-17T08:40:24Z,resolved
WO-00217,TAZ_PRO-EAST-02,FILAMENT_FEED,P3,2026-01-17T06:35:00Z,2026-01-19T07:18:48Z,resolved
WO-00218,TAZ_PRO-EAST-03,BED_ADHESION,P3,2026-01-17T08:58:00Z,2026-01-24T00:26:12Z,resolved
WO-00219,TAZ_WORKHORSE-WEST-03,MOTION_AXIS,P3,2026-01-18T05:54:00Z,2026-01-19T20:06:00Z,resolved
WO-00220,TAZ_PRO-WEST-03,NOZZLE_WIPE,P2,2026-01-18T07:04:00Z,2026-01-19T01:52:00Z,resolved
WO-00221,TAZ_WORKHORSE-EAST-02,HOTEND_TEMP,P3,2026-01-19T06:22:00Z,2026-01-22T06:42:24Z,resolved
WO-00222,TAZ_PRO-WEST-01,FILAMENT_FEED,P3,2026-01-19T06:32:00Z,2026-01-21T19:26:36Z,resolved
WO-00223,TAZ_WORKHORSE-EAST-02,HOTEND_TEMP,P3,2026-01-20T03:47:00Z,2026-01-22T13:09:48Z,resolved
WO-00224,TAZ_PRO-SOUTH-01,BED_ADHESION,P2,2026-01-20T04:44:00Z,2026-01-20T20:41:00Z,resolved
WO-00225,TAZ_PRO-WEST-03,BED_ADHESION,P3,2026-01-21T07:14:00Z,2026-01-31T07:14:00Z,resolved
WO-00226,TAZ_WORKHORSE-EAST-03,MOTION_AXIS,P2,2026-01-21T08:49:00Z,2026-01-23T14:38:48Z,resolved
WO-00227,TAZ_PRO-SOUTH-03,HOTEND_TEMP,P2,2026-01-22T00:07:00Z,2026-01-22T21:44:12Z,resolved
WO-00228,TAZ_WORKHORSE-EAST-03,FILAMENT_FEED,P2,2026-01-22T09:57:00Z,2026-01-25T11:21:36Z,resolved
WO-00229,TAZ_PRO-EAST-01,HOTEND_TEMP,P2,2026-01-23T05:25:00Z,2026-01-23T21:15:24Z,resolved
WO-00230,TAZ_WORKHORSE-WEST-02,HOTEND_TEMP,P2,2026-01-23T09:49:00Z,2026-01-24T07:16:36Z,resolved
WO-00231,TAZ_PRO-EAST-02,NOZZLE_WIPE,P3,2026-01-24T03:53:00Z,2026-01-26T22:23:00Z,resolved
WO-00232,TAZ_WORKHORSE-EAST-03,BED_ADHESION,P2,2026-01-24T05:38:00Z,2026-01-25T04:43:24Z,resolved
WO-00233,TAZ_WORKHORSE-EAST-02,HOTEND_TEMP,P2,2026-01-25T08:55:00Z,2026-01-27T17:50:48Z,resolved
WO-00234,TAZ_WORKHORSE-SOUTH-02,HOTEND_TEMP,P3,2026-01-25T09:22:00Z,2026-01-27T00:22:36Z,resolved
WO-00235,TAZ_WORKHORSE-SOUTH-01,HOTEND_TEMP,P3,2026-01-26T04:15:00Z,2026-01-28T17:19:48Z,resolved
WO-00236,TAZ_WORKHORSE-EAST-02,MOTION_AXIS,P1,2026-01-26T07:45:00Z,2026-01-26T19:39:00Z,resolved
WO-00237,TAZ_WORKHORSE-SOUTH-01,BED_ADHESION,P2,2026-01-27T00:05:00Z,2026-01-28T01:47:36Z,resolved
WO-00238,TAZ_WORKHORSE-WEST-02,BED_ADHESION,P2,2026-01-27T07:08:00Z,2026-01-28T10:42:48Z,resolved
WO-00239,TAZ_WORKHORSE-EAST-02,FILAMENT_FEED,P1,2026-01-28T01:37:00Z,2026-01-28T09:47:48Z,resolved
WO-00240,TAZ_WORKHORSE-SOUTH-03,FILAMENT_FEED,P2,2026-01-28T06:23:00Z,2026-01-31T03:09:12Z,resolved
WO-00241,TAZ_WORKHORSE-EAST-02,HOTEND_TEMP,P3,2026-01-29T01:58:00Z,2026-01-30T06:08:48Z,resolved
WO-00242,TAZ_PRO-SOUTH-02,HOTEND_TEMP,P2,2026-01-29T06:46:00Z,2026-01-31T09:11:12Z,resolved
WO-00243,TAZ_WORKHORSE-WEST-03,MOTION_AXIS,P2,2026-01-30T02:05:00Z,2026-01-30T14:16:24Z,resolved
WO-00244,TAZ_PRO-SOUTH-02,NOZZLE_WIPE,P3,2026-01-30T09:17:00Z,2026-01-31T22:39:48Z,resolved
WO-00245,TAZ_PRO-SOUTH-01,NOZZLE_WIPE,P3,2026-01-31T02:25:00Z,2026-01-31T13:17:12Z,resolved
WO-00246,TAZ_WORKHORSE-EAST-02,HOTEND_TEMP,P3,2026-01-31T02:32:00Z,2026-02-03T18:24:12Z,resolved
WO-00247,TAZ_PRO-SOUTH-02,NOZZLE_WIPE,P1,2026-02-01T00:03:00Z,2026-02-01T16:43:12Z,resolved
WO-00248,TAZ_PRO-SOUTH-02,MOTION_AXIS,P2,2026-02-01T08:38:00Z,2026-02-02T01:52:24Z,resolved
WO-00249,TAZ_WORKHORSE-WEST-02,BED_ADHESION,P3,2026-02-02T03:06:00Z,2026-02-07T06:47:24Z,resolved
WO-00250,TAZ_WORKHORSE-SOUTH-03,HOTEND_TEMP,P2,2026-02-02T05:03:00Z,2026-02-02T18:21:00Z,resolved
WO-00251,TAZ_PRO-SOUTH-02,BED_ADHESION,P3,2026-02-03T03:17:00Z,2026-02-04T01:41:00Z,resolved
WO-00252,TAZ_WORKHORSE-EAST-01,MOTION_AXIS,P2,2026-02-03T07:10:00Z,2026-02-04T02:40:36Z,resolved
WO-00253,TAZ_PRO-WEST-03,NOZZLE_WIPE,P3,2026-02-04T04:12:00Z,2026-02-12T00:36:36Z,resolved
WO-00254,TAZ_WORKHORSE-EAST-01,MOTION_AXIS,P2,2026-02-04T10:52:00Z,2026-02-05T16:37:00Z,resolved
WO-00255,TAZ_WORKHORSE-SOUTH-03,MOTION_AXIS,P3,2026-02-05T02:00:00Z,2026-02-08T15:46:48Z,resolved
WO-00256,TAZ_PRO-SOUTH-02,FILAMENT_FEED,P2,2026-02-05T10:20:00Z,2026-02-06T16:20:00Z,resolved
WO-00257,TAZ_WORKHORSE-EAST-02,MOTION_AXIS,P3,2026-02-06T04:22:00Z,2026-02-09T19:08:48Z,resolved
WO-00258,TAZ_WORKHORSE-SOUTH-03,FILAMENT_FEED,P2,2026-02-06T10:28:00Z,2026-02-06T17:41:48Z,resolved
WO-00259,TAZ_WORKHORSE-SOUTH-02,HOTEND_TEMP,P2,2026-02-07T00:59:00Z,2026-02-08T04:49:24Z,resolved
WO-00260,TAZ_PRO-EAST-02,BED_ADHESION,P2,2026-02-07T09:53:00Z,2026-02-09T11:59:36Z,resolved
WO-00261,TAZ_WORKHORSE-SOUTH-01,HOTEND_TEMP,P2,2026-02-08T00:30:00Z,2026-02-11T04:55:48Z,resolved
WO-00262,TAZ_WORKHORSE-SOUTH-01,BED_ADHESION,P2,2026-02-08T03:35:00Z,2026-02-13T02:26:36Z,resolved
WO-00263,TAZ_PRO-SOUTH-03,MOTION_AXIS,P2,2026-02-09T04:25:00Z,2026-02-10T14:43:36Z,resolved
WO-00264,TAZ_WORKHORSE-WEST-02,BED_ADHESION,P2,2026-02-09T07:09:00Z,2026-02-10T02:36:00Z,resolved
WO-00265,TAZ_PRO-EAST-03,NOZZLE_WIPE,P2,2026-02-10T01:45:00Z,2026-02-10T21:48:36Z,resolved
WO-00266,TAZ_WORKHORSE-SOUTH-02,BED_ADHESION,P3,2026-02-10T06:07:00Z,2026-02-12T09:21:24Z,resolved
WO-00267,TAZ_WORKHORSE-EAST-02,HOTEND_TEMP,P3,2026-02-11T01:20:00Z,2026-02-13T19:17:00Z,resolved
WO-00268,TAZ_PRO-WEST-02,MOTION_AXIS,P2,2026-02-11T01:28:00Z,2026-02-12T14:22:00Z,resolved
WO-00269,TAZ_WORKHORSE-WEST-02,HOTEND_TEMP,P3,2026-02-12T03:02:00Z,2026-02-14T01:15:12Z,resolved
WO-00270,TAZ_PRO-EAST-01,HOTEND_TEMP,P3,2026-02-12T07:14:00Z,2026-02-17T18:29:00Z,resolved
WO-00271,TAZ_PRO-WEST-02,BED_ADHESION,P2,2026-02-13T02:53:00Z,2026-02-14T09:41:36Z,resolved
WO-00272,TAZ_WORKHORSE-SOUTH-02,HOTEND_TEMP,P2,2026-02-13T06:20:00Z,2026-02-17T23:43:24Z,resolved
WO-00273,TAZ_PRO-SOUTH-02,NOZZLE_WIPE,P3,2026-02-14T06:36:00Z,2026-02-16T10:04:12Z,resolved
WO-00274,TAZ_PRO-WEST-01,MOTION_AXIS,P2,2026-02-14T10:41:00Z,2026-02-15T05:40:24Z,resolved
WO-00275,TAZ_PRO-SOUTH-02,FILAMENT_FEED,P1,2026-02-15T02:15:00Z,2026-02-15T07:30:36Z,resolved
WO-00276,TAZ_WORKHORSE-SOUTH-02,MOTION_AXIS,P2,2026-02-15T10:52:00Z,2026-02-16T07:08:12Z,resolved
WO-00277,TAZ_PRO-EAST-02,BED_ADHESION,P2,2026-02-16T01:26:00Z,2026-02-16T10:08:36Z,resolved
WO-00278,TAZ_PRO-WEST-02,HOTEND_TEMP,P2,2026-02-16T01:44:00Z,2026-02-26T01:44:00Z,resolved
WO-00279,TAZ_WORKHORSE-SOUTH-01,BED_ADHESION,P2,2026-02-17T05:49:00Z,2026-02-17T10:48:24Z,resolved
WO-00280,TAZ_WORKHORSE-SOUTH-02,MOTION_AXIS,P2,2026-02-17T06:16:00Z,2026-02-18T07:07:00Z,resolved
WO-00281,TAZ_PRO-SOUTH-01,FILAMENT_FEED,P3,2026-02-18T02:23:00Z,2026-02-20T05:53:00Z,resolved
WO-00282,TAZ_WORKHORSE-SOUTH-02,MOTION_AXIS,P3,2026-02-18T02:38:00Z,2026-02-21T23:33:12Z,resolved
WO-00283,TAZ_PRO-SOUTH-01,MOTION_AXIS,P2,2026-02-19T03:44:00Z,2026-02-19T22:54:48Z,resolved
WO-00284,TAZ_WORKHORSE-SOUTH-03,MOTION_AXIS,P2,2026-02-19T03:45:00Z,2026-02-20T06:34:12Z,resolved
WO-00285,TAZ_WORKHORSE-WEST-02,HOTEND_TEMP,P3,2026-02-20T04:53:00Z,2026-02-20T15:00:12Z,resolved
WO-00286,TAZ_WORKHORSE-SOUTH-02,FILAMENT_FEED,P3,2026-02-20T07:17:00Z,2026-03-01T13:35:00Z,resolved
WO-00287,TAZ_WORKHORSE-EAST-02,FILAMENT_FEED,P3,2026-02-21T01:30:00Z,2026-02-25T13:51:00Z,resolved
WO-00288,TAZ_PRO-SOUTH-02,FILAMENT_FEED,P1,2026-02-21T05:58:00Z,2026-02-23T01:56:48Z,resolved
WO-00289,TAZ_WORKHORSE-EAST-01,BED_ADHESION,P1,2026-02-22T06:27:00Z,2026-02-22T14:28:12Z,resolved
WO-00290,TAZ_WORKHORSE-SOUTH-02,MOTION_AXIS,P3,2026-02-22T08:37:00Z,2026-02-24T22:08:48Z,resolved
WO-00291,TAZ_PRO-EAST-01,FILAMENT_FEED,P2,2026-02-23T00:41:00Z,2026-02-24T14:20:36Z,resolved
WO-00292,TAZ_PRO-WEST-03,HOTEND_TEMP,P1,2026-02-23T06:40:00Z,2026-02-23T17:18:24Z,resolved
WO-00293,TAZ_WORKHORSE-SOUTH-02,MOTION_AXIS,P2,2026-02-24T00:38:00Z,2026-02-25T02:26:36Z,resolved
WO-00294,TAZ_WORKHORSE-EAST-03,BED_ADHESION,P1,2026-02-24T01:41:00Z,2026-02-24T07:15:48Z,resolved
WO-00295,TAZ_WORKHORSE-SOUTH-02,FILAMENT_FEED,P1,2026-02-25T08:27:00Z,2026-02-25T19:04:12Z,resolved
WO-00296,TAZ_PRO-WEST-03,HOTEND_TEMP,P2,2026-02-25T09:14:00Z,2026-02-28T10:42:12Z,resolved
WO-00297,TAZ_WORKHORSE-SOUTH-03,BED_ADHESION,P2,2026-02-26T08:16:00Z,2026-02-28T01:17:48Z,resolved
WO-00298,TAZ_PRO-WEST-01,NOZZLE_WIPE,P2,2026-02-26T10:13:00Z,2026-03-04T19:09:24Z,resolved
WO-00299,TAZ_WORKHORSE-SOUTH-03,MOTION_AXIS,P1,2026-02-27T06:14:00Z,2026-02-27T20:15:12Z,resolved
WO-00300,TAZ_PRO-WEST-01,FILAMENT_FEED,P2,2026-02-27T07:04:00Z,2026-02-28T15:43:36Z,resolved
WO-00301,TAZ_PRO-EAST-03,NOZZLE_WIPE,P3,2026-02-28T04:34:00Z,2026-03-01T20:28:36Z,resolved
WO-00302,TAZ_WORKHORSE-SOUTH-02,MOTION_AXIS,P3,2026-02-28T09:33:00Z,2026-03-02T02:52:48Z,resolved
WO-00303,TAZ_WORKHORSE-SOUTH-03,BED_ADHESION,P2,2026-03-01T07:07:00Z,2026-03-02T01:50:12Z,resolved
WO-00304,TAZ_PRO-WEST-02,HOTEND_TEMP,P2,2026-03-01T10:40:00Z,2026-03-03T08:26:48Z,resolved
WO-00305,TAZ_PRO-EAST-02,BED_ADHESION,P2,2026-03-02T02:49:00Z,2026-03-03T23:11:12Z,resolved
WO-00306,TAZ_WORKHORSE-EAST-03,BED_ADHESION,P2,2026-03-02T10:10:00Z,2026-03-03T20:43:00Z,resolved
WO-00307,TAZ_WORKHORSE-EAST-02,MOTION_AXIS,P2,2026-03-03T02:04:00Z,2026-03-03T12:46:36Z,resolved
WO-00308,TAZ_WORKHORSE-WEST-02,HOTEND_TEMP,P1,2026-03-03T07:23:00Z,2026-03-03T17:33:12Z,resolved
WO-00309,TAZ_WORKHORSE-EAST-03,FILAMENT_FEED,P3,2026-03-04T08:12:00Z,2026-03-11T01:16:12Z,resolved
WO-00310,TAZ_WORKHORSE-EAST-03,FILAMENT_FEED,P2,2026-03-04T10:00:00Z,2026-03-05T06:55:12Z,resolved
WO-00311,TAZ_PRO-EAST-02,BED_ADHESION,P2,2026-03-05T00:45:00Z,2026-03-10T02:31:12Z,resolved
WO-00312,TAZ_PRO-WEST-01,HOTEND_TEMP,P3,2026-03-05T06:07:00Z,2026-03-10T05:50:48Z,resolved
WO-00313,TAZ_PRO-EAST-03,HOTEND_TEMP,P2,2026-03-06T03:21:00Z,2026-03-07T23:42:00Z,resolved
WO-00314,TAZ_PRO-SOUTH-01,FILAMENT_FEED,P2,2026-03-06T05:01:00Z,2026-03-07T13:08:12Z,resolved
WO-00315,TAZ_PRO-SOUTH-01,BED_ADHESION,P2,2026-03-07T04:51:00Z,2026-03-08T07:12:00Z,resolved
WO-00316,TAZ_WORKHORSE-SOUTH-03,MOTION_AXIS,P3,2026-03-07T06:50:00Z,2026-03-13T05:22:24Z,resolved
WO-00317,TAZ_WORKHORSE-EAST-01,BED_ADHESION,P2,2026-03-08T03:24:00Z,2026-03-09T05:47:24Z,resolved
WO-00318,TAZ_PRO-WEST-01,FILAMENT_FEED,P2,2026-03-08T05:10:00Z,2026-03-08T23:44:12Z,resolved
WO-00319,TAZ_WORKHORSE-WEST-02,FILAMENT_FEED,P3,2026-03-09T05:44:00Z,2026-03-11T17:24:12Z,resolved
WO-00320,TAZ_WORKHORSE-EAST-03,MOTION_AXIS,P2,2026-03-09T06:14:00Z,2026-03-10T06:25:24Z,resolved
WO-00321,TAZ_WORKHORSE-WEST-02,HOTEND_TEMP,P2,2026-03-10T00:56:00Z,2026-03-11T22:48:48Z,resolved
WO-00322,TAZ_PRO-WEST-03,BED_ADHESION,P3,2026-03-10T03:39:00Z,2026-03-18T17:33:36Z,resolved
WO-00323,TAZ_PRO-WEST-02,FILAMENT_FEED,P2,2026-03-11T03:13:00Z,2026-03-12T04:41:48Z,resolved
WO-00324,TAZ_PRO-SOUTH-01,BED_ADHESION,P3,2026-03-11T07:19:00Z,2026-03-12T19:44:48Z,resolved
WO-00325,TAZ_PRO-EAST-03,BED_ADHESION,P2,2026-03-12T03:49:00Z,2026-03-12T10:10:36Z,resolved
WO-00326,TAZ_WORKHORSE-EAST-01,BED_ADHESION,P3,2026-03-12T04:27:00Z,2026-03-19T05:08:24Z,resolved
WO-00327,TAZ_WORKHORSE-SOUTH-02,FILAMENT_FEED,P3,2026-03-13T05:14:00Z,2026-03-20T19:17:36Z,resolved
WO-00328,TAZ_PRO-EAST-01,BED_ADHESION,P2,2026-03-13T10:33:00Z,2026-03-16T12:35:24Z,resolved
WO-00329,TAZ_PRO-SOUTH-03,NOZZLE_WIPE,P2,2026-03-14T04:48:00Z,2026-03-14T22:45:00Z,resolved
WO-00330,TAZ_WORKHORSE-SOUTH-03,BED_ADHESION,P2,2026-03-14T07:30:00Z,2026-03-15T01:50:24Z,resolved
WO-00331,TAZ_PRO-EAST-01,NOZZLE_WIPE,P2,2026-03-15T04:43:00Z,2026-03-19T07:47:12Z,resolved
WO-00332,TAZ_WORKHORSE-WEST-03,HOTEND_TEMP,P2,2026-03-15T10:15:00Z,2026-03-16T17:54:36Z,resolved
WO-00333,TAZ_PRO-WEST-02,MOTION_AXIS,P3,2026-03-16T00:40:00Z,2026-03-21T05:43:36Z,resolved
WO-00334,TAZ_PRO-EAST-02,HOTEND_TEMP,P3,2026-03-16T03:16:00Z,2026-03-17T04:55:00Z,resolved
WO-00335,TAZ_PRO-EAST-02,HOTEND_TEMP,P2,2026-03-17T01:13:00Z,2026-03-18T01:18:24Z,resolved
WO-00336,TAZ_PRO-WEST-02,BED_ADHESION,P3,2026-03-17T06:52:00Z,2026-03-19T21:55:00Z,resolved
WO-00337,TAZ_PRO-SOUTH-02,HOTEND_TEMP,P2,2026-03-18T08:11:00Z,2026-03-21T04:03:48Z,resolved
WO-00338,TAZ_PRO-EAST-01,BED_ADHESION,P1,2026-03-18T09:03:00Z,2026-03-19T00:18:00Z,resolved
WO-00339,TAZ_WORKHORSE-SOUTH-03,BED_ADHESION,P2,2026-03-19T02:28:00Z,2026-03-24T03:08:12Z,resolved
WO-00340,TAZ_WORKHORSE-WEST-02,BED_ADHESION,P1,2026-03-19T03:47:00Z,2026-03-19T11:56:00Z,resolved
WO-00341,TAZ_PRO-WEST-02,MOTION_AXIS,P2,2026-03-20T05:14:00Z,2026-03-22T01:55:24Z,resolved
WO-00342,TAZ_WORKHORSE-SOUTH-02,FILAMENT_FEED,P3,2026-03-20T05:19:00Z,2026-03-21T13:06:24Z,resolved
WO-00343,TAZ_WORKHORSE-EAST-03,HOTEND_TEMP,P2,2026-03-21T02:49:00Z,2026-03-22T02:06:24Z,resolved
WO-00344,TAZ_PRO-WEST-02,FILAMENT_FEED,P2,2026-03-21T08:05:00Z,2026-03-23T02:42:12Z,resolved
WO-00345,TAZ_PRO-SOUTH-03,FILAMENT_FEED,P2,2026-03-22T03:00:00Z,2026-03-24T13:46:12Z,resolved
WO-00346,TAZ_PRO-WEST-02,FILAMENT_FEED,P2,2026-03-22T04:51:00Z,2026-03-24T09:57:36Z,resolved
WO-00347,TAZ_PRO-SOUTH-02,FILAMENT_FEED,P3,2026-03-23T02:24:00Z,2026-03-25T08:19:48Z,resolved
WO-00348,TAZ_WORKHORSE-WEST-03,HOTEND_TEMP,P3,2026-03-23T02:52:00Z,2026-03-25T04:02:12Z,resolved
WO-00349,TAZ_WORKHORSE-EAST-03,HOTEND_TEMP,P2,2026-03-24T05:24:00Z,2026-03-26T09:04:48Z,resolved
WO-00350,TAZ_PRO-EAST-01,FILAMENT_FEED,P2,2026-03-24T08:13:00Z,2026-03-26T03:57:24Z,resolved
WO-00351,TAZ_WORKHORSE-WEST-02,BED_ADHESION,P3,2026-03-25T04:34:00Z,2026-03-27T00:17:12Z,resolved
WO-00352,TAZ_WORKHORSE-WEST-01,FILAMENT_FEED,P2,2026-03-25T09:50:00Z,2026-03-26T23:58:24Z,resolved
WO-00353,TAZ_PRO-EAST-01,HOTEND_TEMP,P2,2026-03-26T02:13:00Z,2026-03-26T11:18:24Z,resolved
WO-00354,TAZ_WORKHORSE-EAST-03,BED_ADHESION,P3,2026-03-26T03:25:00Z,2026-03-30T10:29:12Z,resolved
WO-00355,TAZ_PRO-EAST-01,FILAMENT_FEED,P2,2026-03-27T01:15:00Z,2026-03-27T21:25:12Z,resolved
WO-00356,TAZ_PRO-WEST-01,BED_ADHESION,P2,2026-03-27T08:01:00Z,2026-03-29T23:59:12Z,resolved
WO-00357,TAZ_PRO-SOUTH-02,FILAMENT_FEED,P3,2026-03-28T02:42:00Z,2026-03-30T09:02:24Z,resolved
WO-00358,TAZ_WORKHORSE-EAST-02,BED_ADHESION,P2,2026-03-28T05:07:00Z,2026-03-28T18:03:24Z,resolved
WO-00359,TAZ_WORKHORSE-WEST-01,HOTEND_TEMP,P3,2026-03-29T03:58:00Z,2026-03-31T06:38:48Z,resolved
WO-00360,TAZ_WORKHORSE-WEST-02,BED_ADHESION,P3,2026-03-29T03:58:00Z,2026-03-31T12:50:12Z,resolved
WO-00361,TAZ_WORKHORSE-EAST-03,BED_ADHESION,P2,2026-03-30T00:05:00Z,2026-03-30T20:18:12Z,resolved
WO-00362,TAZ_WORKHORSE-SOUTH-01,BED_ADHESION,P2,2026-03-30T02:40:00Z,2026-03-31T14:47:48Z,resolved
WO-00363,TAZ_PRO-EAST-02,HOTEND_TEMP,P2,2026-03-31T00:25:00Z,2026-04-01T23:38:48Z,resolved
WO-00364,TAZ_PRO-EAST-03,NOZZLE_WIPE,P2,2026-03-31T06:34:00Z,2026-04-03T06:55:00Z,resolved
WO-00365,TAZ_PRO-SOUTH-01,NOZZLE_WIPE,P3,2026-04-01T04:24:00Z,2026-04-08T09:40:48Z,resolved
WO-00366,TAZ_PRO-WEST-03,HOTEND_TEMP,P3,2026-04-01T08:08:00Z,2026-04-05T09:15:48Z,resolved
WO-00367,TAZ_PRO-WEST-02,MOTION_AXIS,P3,2026-04-02T00:12:00Z,2026-04-07T12:04:48Z,resolved
WO-00368,TAZ_WORKHORSE-EAST-03,HOTEND_TEMP,P2,2026-04-02T01:19:00Z,2026-04-05T23:50:48Z,resolved
WO-00369,TAZ_WORKHORSE-SOUTH-01,HOTEND_TEMP,P2,2026-04-03T00:42:00Z,2026-04-03T17:51:00Z,resolved
WO-00370,TAZ_WORKHORSE-WEST-01,HOTEND_TEMP,P2,2026-04-03T04:58:00Z,2026-04-05T12:12:24Z,resolved
WO-00371,TAZ_PRO-SOUTH-03,BED_ADHESION,P2,2026-04-04T00:20:00Z,2026-04-05T11:20:00Z,resolved
WO-00372,TAZ_WORKHORSE-EAST-01,FILAMENT_FEED,P2,2026-04-04T01:23:00Z,2026-04-07T13:32:36Z,resolved
WO-00373,TAZ_PRO-EAST-02,BED_ADHESION,P3,2026-04-05T02:53:00Z,2026-04-09T13:36:12Z,resolved
WO-00374,TAZ_WORKHORSE-WEST-03,BED_ADHESION,P3,2026-04-05T04:35:00Z,2026-04-11T18:05:00Z,resolved
WO-00375,TAZ_PRO-SOUTH-01,HOTEND_TEMP,P1,2026-04-06T08:36:00Z,2026-04-06T13:35:24Z,resolved
WO-00376,TAZ_WORKHORSE-SOUTH-01,HOTEND_TEMP,P2,2026-04-06T08:43:00Z,2026-04-07T00:48:24Z,resolved
WO-00377,TAZ_WORKHORSE-WEST-02,FILAMENT_FEED,P2,2026-04-07T02:29:00Z,2026-04-09T10:00:12Z,resolved
WO-00378,TAZ_WORKHORSE-WEST-01,FILAMENT_FEED,P2,2026-04-07T02:41:00Z,2026-04-07T19:36:48Z,resolved
WO-00379,TAZ_PRO-WEST-03,FILAMENT_FEED,P2,2026-04-08T00:33:00Z,2026-04-08T23:21:36Z,resolved
WO-00380,TAZ_WORKHORSE-EAST-02,FILAMENT_FEED,P1,2026-04-08T02:22:00Z,2026-04-09T04:31:00Z,resolved
WO-00381,TAZ_PRO-SOUTH-01,MOTION_AXIS,P2,2026-04-09T03:59:00Z,2026-04-11T06:50:00Z,resolved
WO-00382,TAZ_WORKHORSE-WEST-01,FILAMENT_FEED,P3,2026-04-09T06:53:00Z,2026-04-13T03:07:24Z,resolved
WO-00383,TAZ_WORKHORSE-EAST-03,BED_ADHESION,P2,2026-04-10T00:44:00Z,2026-04-11T23:09:12Z,resolved
WO-00384,TAZ_PRO-EAST-02,NOZZLE_WIPE,P1,2026-04-10T05:33:00Z,2026-04-11T19:42:36Z,resolved
WO-00385,TAZ_PRO-SOUTH-01,HOTEND_TEMP,P2,2026-04-11T04:40:00Z,2026-04-13T01:26:48Z,resolved
WO-00386,TAZ_PRO-WEST-01,NOZZLE_WIPE,P2,2026-04-11T10:53:00Z,2026-04-13T09:56:36Z,resolved
WO-00387,TAZ_PRO-SOUTH-01,NOZZLE_WIPE,P1,2026-04-12T07:41:00Z,2026-04-12T16:55:24Z,resolved
WO-00388,TAZ_PRO-EAST-02,FILAMENT_FEED,P3,2026-04-12T10:24:00Z,2026-04-14T22:51:36Z,resolved
WO-00389,TAZ_WORKHORSE-EAST-01,FILAMENT_FEED,P2,2026-04-13T06:31:00Z,2026-04-15T22:38:48Z,resolved
WO-00390,TAZ_PRO-EAST-02,NOZZLE_WIPE,P2,2026-04-13T08:17:00Z,2026-04-14T22:03:12Z,resolved
WO-00391,TAZ_PRO-WEST-01,HOTEND_TEMP,P2,2026-04-14T00:44:00Z,2026-04-14T21:05:36Z,resolved
WO-00392,TAZ_PRO-SOUTH-01,MOTION_AXIS,P2,2026-04-14T05:22:00Z,2026-04-15T19:40:00Z,resolved
WO-00393,TAZ_PRO-SOUTH-02,FILAMENT_FEED,P3,2026-04-15T04:56:00Z,2026-04-17T20:33:48Z,resolved
WO-00394,TAZ_WORKHORSE-SOUTH-01,FILAMENT_FEED,P3,2026-04-15T09:00:00Z,2026-04-18T12:46:48Z,resolved
WO-00395,TAZ_PRO-WEST-03,NOZZLE_WIPE,P2,2026-04-16T08:08:00Z,2026-04-17T04:29:00Z,resolved
WO-00396,TAZ_PRO-SOUTH-02,NOZZLE_WIPE,P2,2026-04-16T08:13:00Z,2026-04-20T23:44:48Z,resolved
WO-00397,TAZ_WORKHORSE-EAST-03,HOTEND_TEMP,P2,2026-04-17T09:27:00Z,2026-04-19T02:35:24Z,resolved
WO-00398,TAZ_WORKHORSE-SOUTH-02,MOTION_AXIS,P1,2026-04-17T10:38:00Z,2026-04-17T15:30:48Z,resolved
WO-00399,TAZ_PRO-SOUTH-01,MOTION_AXIS,P3,2026-04-18T00:42:00Z,2026-04-20T15:07:48Z,resolved
WO-00400,TAZ_PRO-SOUTH-02,FILAMENT_FEED,P3,2026-04-18T02:38:00Z,2026-04-19T15:06:12Z,resolved
WO-00401,TAZ_PRO-WEST-03,FILAMENT_FEED,P2,2026-04-19T06:23:00Z,2026-04-20T23:30:48Z,resolved
WO-00402,TAZ_WORKHORSE-EAST-01,HOTEND_TEMP,P2,2026-04-19T09:11:00Z,2026-04-19T18:47:00Z,resolved
WO-00403,TAZ_PRO-EAST-02,FILAMENT_FEED,P3,2026-04-20T06:24:00Z,2026-04-23T11:01:12Z,resolved
WO-00404,TAZ_PRO-EAST-01,NOZZLE_WIPE,P2,2026-04-20T09:16:00Z,2026-04-21T12:29:12Z,resolved
WO-00405,TAZ_PRO-EAST-02,FILAMENT_FEED,P2,2026-04-21T01:47:00Z,2026-04-22T20:51:12Z,resolved
WO-00406,TAZ_WORKHORSE-WEST-01,HOTEND_TEMP,P3,2026-04-21T04:13:00Z,2026-04-23T01:51:24Z,resolved
WO-00407,TAZ_PRO-EAST-02,HOTEND_TEMP,P3,2026-04-22T04:10:00Z,2026-04-24T02:48:24Z,resolved
WO-00408,TAZ_PRO-SOUTH-02,FILAMENT_FEED,P1,2026-04-22T06:45:00Z,2026-04-23T15:58:12Z,resolved
WO-00409,TAZ_WORKHORSE-SOUTH-01,BED_ADHESION,P3,2026-04-23T08:38:00Z,2026-04-27T11:56:00Z,resolved
WO-00410,TAZ_PRO-SOUTH-03,HOTEND_TEMP,P2,2026-04-23T09:04:00Z,2026-04-25T01:29:12Z,resolved
WO-00411,TAZ_PRO-WEST-01,HOTEND_TEMP,P2,2026-04-24T01:07:00Z,2026-04-25T13:00:24Z,resolved
WO-00412,TAZ_WORKHORSE-SOUTH-02,MOTION_AXIS,P3,2026-04-24T09:41:00Z,2026-04-28T20:59:00Z,resolved
WO-00413,TAZ_PRO-WEST-01,NOZZLE_WIPE,P2,2026-04-25T08:56:00Z,2026-04-29T13:56:00Z,resolved
WO-00414,TAZ_PRO-WEST-01,MOTION_AXIS,P2,2026-04-25T10:16:00Z,2026-04-29T16:05:48Z,resolved
WO-00415,TAZ_PRO-EAST-01,FILAMENT_FEED,P1,2026-04-26T09:23:00Z,2026-04-26T15:39:12Z,resolved
WO-00416,TAZ_PRO-EAST-03,NOZZLE_WIPE,P2,2026-04-26T10:19:00Z,2026-04-28T02:36:24Z,resolved
WO-00417,TAZ_WORKHORSE-WEST-02,HOTEND_TEMP,P2,2026-04-27T09:28:00Z,2026-04-28T11:14:48Z,resolved
WO-00418,TAZ_PRO-EAST-03,FILAMENT_FEED,P1,2026-04-27T10:02:00Z,2026-04-28T07:51:48Z,resolved
WO-00419,TAZ_PRO-WEST-02,NOZZLE_WIPE,P2,2026-04-28T04:24:00Z,2026-04-29T20:18:36Z,resolved
WO-00420,TAZ_PRO-SOUTH-02,NOZZLE_WIPE,P2,2026-04-28T08:20:00Z,2026-04-29T21:37:24Z,resolved
WO-00421,TAZ_WORKHORSE-SOUTH-03,FILAMENT_FEED,P3,2026-04-29T01:09:00Z,2026-05-01T09:38:24Z,resolved
WO-00422,TAZ_WORKHORSE-EAST-01,HOTEND_TEMP,P1,2026-04-29T05:21:00Z,2026-04-29T19:19:12Z,resolved
WO-00423,TAZ_PRO-EAST-03,BED_ADHESION,P2,2026-04-30T04:08:00Z,2026-05-05T10:32:00Z,resolved
WO-00424,TAZ_WORKHORSE-SOUTH-01,BED_ADHESION,P3,2026-04-30T06:37:00Z,2026-05-02T14:52:36Z,resolved
WO-00425,TAZ_PRO-EAST-02,FILAMENT_FEED,P2,2026-05-01T06:53:00Z,2026-05-04T17:23:36Z,resolved
WO-00426,TAZ_WORKHORSE-SOUTH-03,FILAMENT_FEED,P2,2026-05-01T08:56:00Z,2026-05-03T19:34:24Z,resolved
WO-00427,TAZ_WORKHORSE-SOUTH-02,MOTION_AXIS,P3,2026-05-02T07:14:00Z,2026-05-03T22:30:12Z,resolved
WO-00428,TAZ_PRO-WEST-02,NOZZLE_WIPE,P2,2026-05-02T08:58:00Z,2026-05-03T07:20:12Z,resolved
WO-00429,TAZ_WORKHORSE-SOUTH-02,FILAMENT_FEED,P1,2026-05-03T02:41:00Z,2026-05-03T13:11:36Z,resolved
WO-00430,TAZ_PRO-WEST-02,HOTEND_TEMP,P3,2026-05-03T03:55:00Z,2026-05-04T17:17:12Z,resolved
WO-00431,TAZ_PRO-SOUTH-01,MOTION_AXIS,P2,2026-05-04T00:05:00Z,2026-05-04T23:35:36Z,resolved
WO-00432,TAZ_PRO-EAST-01,BED_ADHESION,P3,2026-05-04T06:17:00Z,2026-05-08T02:39:48Z,resolved
WO-00433,TAZ_WORKHORSE-WEST-01,HOTEND_TEMP,P2,2026-05-05T05:27:00Z,2026-05-06T04:36:00Z,resolved
WO-00434,TAZ_WORKHORSE-WEST-02,BED_ADHESION,P2,2026-05-05T08:23:00Z,2026-05-09T09:00:48Z,resolved
WO-00435,TAZ_WORKHORSE-EAST-02,HOTEND_TEMP,P2,2026-05-06T05:05:00Z,2026-05-07T12:18:48Z,resolved
WO-00436,TAZ_WORKHORSE-SOUTH-03,BED_ADHESION,P1,2026-05-06T10:30:00Z,2026-05-10T13:09:00Z,resolved
WO-00437,TAZ_WORKHORSE-SOUTH-01,FILAMENT_FEED,P3,2026-05-07T03:14:00Z,2026-05-13T20:26:00Z,resolved
WO-00438,TAZ_PRO-WEST-03,FILAMENT_FEED,P3,2026-05-07T03:28:00Z,2026-05-11T12:30:24Z,resolved
WO-00439,TAZ_WORKHORSE-WEST-02,HOTEND_TEMP,P2,2026-05-08T00:42:00Z,2026-05-09T01:01:12Z,resolved
WO-00440,TAZ_WORKHORSE-WEST-01,HOTEND_TEMP,P1,2026-05-08T08:33:00Z,2026-05-08T14:35:24Z,resolved
WO-00441,TAZ_WORKHORSE-SOUTH-01,BED_ADHESION,P1,2026-05-09T04:58:00Z,2026-05-09T17:31:36Z,resolved
WO-00442,TAZ_PRO-EAST-01,FILAMENT_FEED,P1,2026-05-09T06:28:00Z,2026-05-09T17:36:24Z,resolved
WO-00443,TAZ_WORKHORSE-EAST-02,HOTEND_TEMP,P3,2026-05-10T04:51:00Z,2026-05-20T04:51:00Z,resolved
WO-00444,TAZ_WORKHORSE-SOUTH-03,HOTEND_TEMP,P1,2026-05-10T10:21:00Z,2026-05-10T20:00:36Z,resolved
WO-00445,TAZ_WORKHORSE-SOUTH-01,BED_ADHESION,P2,2026-05-11T00:34:00Z,2026-05-11T23:15:24Z,resolved
WO-00446,TAZ_PRO-EAST-02,NOZZLE_WIPE,P1,2026-05-11T08:00:00Z,2026-05-12T01:54:36Z,resolved
WO-00447,TAZ_WORKHORSE-SOUTH-03,FILAMENT_FEED,P3,2026-05-12T02:11:00Z,2026-05-13T19:45:12Z,resolved
WO-00448,TAZ_PRO-EAST-03,HOTEND_TEMP,P1,2026-05-12T06:34:00Z,2026-05-12T20:57:24Z,resolved
WO-00449,TAZ_WORKHORSE-SOUTH-01,BED_ADHESION,P3,2026-05-13T03:32:00Z,2026-05-20T02:33:48Z,resolved
WO-00450,TAZ_PRO-SOUTH-01,BED_ADHESION,P2,2026-05-13T10:30:00Z,2026-05-15T13:39:36Z,resolved
WO-00451,TAZ_WORKHORSE-WEST-01,BED_ADHESION,P2,2026-05-14T00:39:00Z,2026-05-14T21:06:00Z,resolved
WO-00452,TAZ_PRO-EAST-01,NOZZLE_WIPE,P2,2026-05-14T03:55:00Z,2026-05-15T12:44:12Z,resolved
WO-00453,TAZ_PRO-WEST-03,MOTION_AXIS,P2,2026-05-15T04:19:00Z,2026-05-19T08:43:00Z,resolved
WO-00454,TAZ_PRO-WEST-02,NOZZLE_WIPE,P3,2026-05-15T09:46:00Z,2026-05-18T03:37:36Z,resolved
WO-00455,TAZ_PRO-SOUTH-02,NOZZLE_WIPE,P3,2026-05-16T06:19:00Z,2026-05-18T11:15:24Z,resolved
WO-00456,TAZ_WORKHORSE-WEST-01,BED_ADHESION,P1,2026-05-16T08:20:00Z,2026-05-16T22:37:24Z,resolved
WO-00457,TAZ_PRO-EAST-03,FILAMENT_FEED,P3,2026-05-17T06:31:00Z,2026-05-18T19:15:24Z,resolved
WO-00458,TAZ_PRO-WEST-02,FILAMENT_FEED,P3,2026-05-17T08:08:00Z,2026-05-21T21:27:12Z,resolved
WO-00459,TAZ_PRO-SOUTH-02,FILAMENT_FEED,P2,2026-05-18T01:56:00Z,2026-05-19T16:08:00Z,resolved
WO-00460,TAZ_WORKHORSE-WEST-02,HOTEND_TEMP,P2,2026-05-18T08:50:00Z,2026-05-19T08:20:00Z,resolved
WO-00461,TAZ_WORKHORSE-SOUTH-02,BED_ADHESION,P3,2026-05-19T01:43:00Z,2026-05-22T17:34:36Z,resolved
WO-00462,TAZ_WORKHORSE-EAST-01,BED_ADHESION,P2,2026-05-19T06:30:00Z,2026-05-19T21:08:24Z,resolved
WO-00463,TAZ_WORKHORSE-SOUTH-03,BED_ADHESION,P3,2026-05-20T04:51:00Z,2026-05-20T16:18:00Z,resolved
WO-00464,TAZ_WORKHORSE-SOUTH-01,HOTEND_TEMP,P2,2026-05-20T06:00:00Z,2026-05-21T04:12:00Z,resolved
WO-00465,TAZ_WORKHORSE-SOUTH-01,MOTION_AXIS,P2,2026-05-21T09:43:00Z,2026-05-24T00:50:48Z,resolved
WO-00466,TAZ_WORKHORSE-EAST-03,FILAMENT_FEED,P3,2026-05-21T10:12:00Z,2026-05-22T13:43:12Z,resolved
WO-00467,TAZ_WORKHORSE-SOUTH-03,FILAMENT_FEED,P1,2026-05-22T00:01:00Z,2026-05-23T04:51:24Z,resolved
WO-00468,TAZ_PRO-EAST-02,MOTION_AXIS,P3,2026-05-22T09:30:00Z,2026-05-25T01:28:12Z,resolved
WO-00469,TAZ_PRO-WEST-02,FILAMENT_FEED,P3,2026-05-23T03:55:00Z,2026-05-27T23:55:36Z,resolved
WO-00470,TAZ_PRO-SOUTH-03,HOTEND_TEMP,P2,2026-05-23T08:03:00Z,2026-05-25T12:17:24Z,resolved
WO-00471,TAZ_PRO-EAST-01,MOTION_AXIS,P3,2026-05-24T09:22:00Z,2026-05-28T18:22:00Z,resolved
WO-00472,TAZ_WORKHORSE-EAST-02,MOTION_AXIS,P1,2026-05-24T10:00:00Z,2026-05-24T23:03:00Z,resolved
WO-00473,TAZ_WORKHORSE-SOUTH-01,MOTION_AXIS,P2,2026-05-25T04:19:00Z,2026-05-27T16:44:48Z,resolved
WO-00474,TAZ_PRO-WEST-01,HOTEND_TEMP,P2,2026-05-25T07:21:00Z,2026-05-26T20:06:36Z,resolved
WO-00475,TAZ_WORKHORSE-SOUTH-01,BED_ADHESION,P2,2026-05-26T04:45:00Z,2026-05-29T02:07:12Z,resolved
WO-00476,TAZ_PRO-WEST-03,NOZZLE_WIPE,P2,2026-05-26T10:26:00Z,2026-05-26T21:37:24Z,resolved
WO-00477,TAZ_PRO-WEST-01,FILAMENT_FEED,P2,2026-05-27T02:04:00Z,2026-05-30T06:56:48Z,resolved
WO-00478,TAZ_WORKHORSE-WEST-02,HOTEND_TEMP,P2,2026-05-27T03:27:00Z,2026-05-28T11:28:12Z,resolved
WO-00479,TAZ_PRO-EAST-03,MOTION_AXIS,P2,2026-05-28T03:59:00Z,2026-05-30T09:57:48Z,resolved
WO-00480,TAZ_WORKHORSE-EAST-02,BED_ADHESION,P3,2026-05-28T09:03:00Z,2026-05-30T19:24:36Z,resolved
WO-00481,TAZ_WORKHORSE-EAST-01,FILAMENT_FEED,P2,2026-05-29T04:24:00Z,2026-05-30T11:05:24Z,resolved
WO-00482,TAZ_WORKHORSE-SOUTH-03,FILAMENT_FEED,P2,2026-05-29T05:05:00Z,2026-05-30T22:59:00Z,resolved
WO-00483,TAZ_WORKHORSE-WEST-02,HOTEND_TEMP,P3,2026-05-30T02:40:00Z,2026-06-05T02:51:24Z,resolved
WO-00484,TAZ_WORKHORSE-EAST-02,HOTEND_TEMP,P2,2026-05-30T06:33:00Z,2026-05-31T08:47:24Z,resolved
WO-00485,TAZ_PRO-EAST-03,HOTEND_TEMP,P2,2026-05-31T03:40:00Z,2026-06-01T00:37:36Z,resolved
WO-00486,TAZ_PRO-SOUTH-02,MOTION_AXIS,P2,2026-05-31T07:10:00Z,2026-05-31T17:11:12Z,resolved
WO-00487,TAZ_WORKHORSE-EAST-02,HOTEND_TEMP,P2,2026-06-01T01:32:00Z,2026-06-02T05:38:00Z,resolved
WO-00488,TAZ_PRO-WEST-02,FILAMENT_FEED,P2,2026-06-01T03:38:00Z,2026-06-01T19:28:24Z,resolved
WO-00489,TAZ_WORKHORSE-WEST-02,BED_ADHESION,P1,2026-06-02T04:07:00Z,2026-06-03T02:13:00Z,resolved
WO-00490,TAZ_WORKHORSE-WEST-02,BED_ADHESION,P3,2026-06-02T06:05:00Z,2026-06-12T06:05:00Z,resolved
WO-00491,TAZ_PRO-EAST-03,NOZZLE_WIPE,P1,2026-06-03T03:36:00Z,2026-06-03T11:51:00Z,resolved
WO-00492,TAZ_WORKHORSE-SOUTH-01,MOTION_AXIS,P2,2026-06-03T09:14:00Z,2026-06-04T04:48:48Z,resolved
WO-00493,TAZ_WORKHORSE-SOUTH-03,FILAMENT_FEED,P3,2026-06-04T02:26:00Z,2026-06-07T02:54:48Z,resolved
WO-00494,TAZ_PRO-SOUTH-01,HOTEND_TEMP,P2,2026-06-04T05:30:00Z,2026-06-07T12:45:00Z,resolved
WO-00495,TAZ_PRO-EAST-02,MOTION_AXIS,P2,2026-06-05T00:48:00Z,2026-06-08T21:42:00Z,resolved
WO-00496,TAZ_WORKHORSE-SOUTH-03,HOTEND_TEMP,P3,2026-06-05T09:25:00Z,2026-06-07T18:13:00Z,resolved
WO-00497,TAZ_PRO-SOUTH-02,HOTEND_TEMP,P2,2026-06-06T00:32:00Z,2026-06-07T03:03:48Z,resolved
WO-00498,TAZ_PRO-SOUTH-01,FILAMENT_FEED,P2,2026-06-06T06:32:00Z,2026-06-06T20:48:48Z,resolved
WO-00499,TAZ_PRO-EAST-03,NOZZLE_WIPE,P2,2026-06-07T03:50:00Z,2026-06-16T09:18:12Z,resolved
WO-00500,TAZ_PRO-SOUTH-02,FILAMENT_FEED,P2,2026-06-07T05:33:00Z,2026-06-07T11:52:48Z,resolved
WO-00501,TAZ_WORKHORSE-SOUTH-02,BED_ADHESION,P3,2026-06-08T01:35:00Z,2026-06-18T01:35:00Z,resolved
WO-00502,TAZ_PRO-EAST-01,NOZZLE_WIPE,P2,2026-06-08T03:02:00Z,,open
WO-00503,TAZ_PRO-EAST-02,NOZZLE_WIPE,P1,2026-06-09T03:04:00Z,2026-06-09T09:42:24Z,resolved
WO-00504,TAZ_WORKHORSE-SOUTH-03,FILAMENT_FEED,P2,2026-06-09T08:24:00Z,2026-06-09T18:28:48Z,resolved
WO-00505,TAZ_WORKHORSE-SOUTH-01,HOTEND_TEMP,P3,2026-06-10T03:36:00Z,2026-06-20T03:36:00Z,resolved
WO-00506,TAZ_WORKHORSE-WEST-03,HOTEND_TEMP,P3,2026-06-10T08:08:00Z,2026-06-14T00:44:36Z,resolved
WO-00507,TAZ_WORKHORSE-SOUTH-03,BED_ADHESION,P1,2026-06-11T06:43:00Z,2026-06-11T10:08:48Z,resolved
WO-00508,TAZ_WORKHORSE-SOUTH-03,MOTION_AXIS,P2,2026-06-11T07:44:00Z,2026-06-11T22:30:12Z,resolved
WO-00509,TAZ_WORKHORSE-SOUTH-03,BED_ADHESION,P3,2026-06-12T00:13:00Z,2026-06-15T16:48:24Z,resolved
WO-00510,TAZ_WORKHORSE-WEST-01,FILAMENT_FEED,P2,2026-06-12T01:25:00Z,2026-06-17T14:46:36Z,resolved
WO-00511,TAZ_PRO-EAST-01,MOTION_AXIS,P2,2026-06-13T03:02:00Z,2026-06-14T07:03:48Z,resolved
WO-00512,TAZ_WORKHORSE-EAST-03,FILAMENT_FEED,P3,2026-06-13T06:55:00Z,,open
WO-00513,TAZ_PRO-SOUTH-03,FILAMENT_FEED,P2,2026-06-14T01:33:00Z,2026-06-15T06:03:00Z,resolved
WO-00514,TAZ_PRO-WEST-03,NOZZLE_WIPE,P2,2026-06-14T08:24:00Z,2026-06-17T15:07:12Z,resolved
WO-00515,TAZ_PRO-EAST-03,NOZZLE_WIPE,P3,2026-06-15T04:14:00Z,2026-06-22T11:52:24Z,resolved
WO-00516,TAZ_WORKHORSE-SOUTH-02,MOTION_AXIS,P2,2026-06-15T06:34:00Z,2026-06-15T19:01:36Z,resolved
WO-00517,TAZ_PRO-EAST-02,NOZZLE_WIPE,P1,2026-06-16T01:25:00Z,2026-06-16T04:35:48Z,resolved
WO-00518,TAZ_PRO-WEST-01,NOZZLE_WIPE,P2,2026-06-16T06:25:00Z,2026-06-16T15:28:00Z,resolved
WO-00519,TAZ_PRO-EAST-02,NOZZLE_WIPE,P3,2026-06-17T00:54:00Z,2026-06-18T22:54:00Z,resolved
WO-00520,TAZ_WORKHORSE-EAST-02,MOTION_AXIS,P3,2026-06-17T07:19:00Z,2026-06-17T20:08:48Z,resolved
WO-00521,TAZ_WORKHORSE-SOUTH-02,FILAMENT_FEED,P2,2026-06-18T00:16:00Z,2026-06-20T15:56:48Z,resolved
WO-00522,TAZ_WORKHORSE-WEST-01,FILAMENT_FEED,P2,2026-06-18T00:52:00Z,2026-06-19T18:35:48Z,resolved
WO-00523,TAZ_PRO-EAST-03,MOTION_AXIS,P2,2026-06-19T01:25:00Z,2026-06-20T14:52:36Z,resolved
WO-00524,TAZ_PRO-EAST-01,MOTION_AXIS,P3,2026-06-19T03:34:00Z,2026-06-23T07:51:24Z,resolved
WO-00525,TAZ_WORKHORSE-EAST-03,FILAMENT_FEED,P2,2026-06-20T02:58:00Z,2026-06-20T13:31:00Z,resolved
WO-00526,TAZ_WORKHORSE-WEST-03,HOTEND_TEMP,P2,2026-06-20T08:50:00Z,2026-06-21T20:15:12Z,resolved
WO-00527,TAZ_PRO-SOUTH-01,HOTEND_TEMP,P3,2026-06-21T08:19:00Z,2026-06-23T00:05:12Z,resolved
WO-00528,TAZ_WORKHORSE-SOUTH-02,HOTEND_TEMP,P2,2026-06-21T09:48:00Z,2026-06-22T05:23:24Z,resolved
WO-00529,TAZ_PRO-SOUTH-02,NOZZLE_WIPE,P2,2026-06-22T03:33:00Z,2026-06-25T03:04:12Z,resolved
WO-00530,TAZ_PRO-WEST-01,NOZZLE_WIPE,P2,2026-06-22T05:34:00Z,2026-06-22T16:04:00Z,resolved
WO-00531,TAZ_WORKHORSE-WEST-03,MOTION_AXIS,P3,2026-06-23T09:03:00Z,2026-06-27T22:54:00Z,resolved
WO-00532,TAZ_WORKHORSE-SOUTH-02,FILAMENT_FEED,P2,2026-06-23T09:30:00Z,2026-06-25T12:16:12Z,resolved
WO-00533,TAZ_PRO-EAST-03,MOTION_AXIS,P2,2026-06-24T00:20:00Z,2026-06-24T17:14:00Z,resolved
WO-00534,TAZ_WORKHORSE-SOUTH-03,FILAMENT_FEED,P2,2026-06-24T08:09:00Z,2026-06-27T06:12:36Z,resolved
WO-00535,TAZ_PRO-WEST-03,NOZZLE_WIPE,P3,2026-06-25T00:09:00Z,2026-06-27T21:15:00Z,resolved
WO-00536,TAZ_PRO-SOUTH-03,NOZZLE_WIPE,P1,2026-06-25T07:31:00Z,2026-06-25T17:37:00Z,resolved
WO-00537,TAZ_WORKHORSE-WEST-03,HOTEND_TEMP,P3,2026-06-26T01:53:00Z,2026-06-30T00:09:48Z,resolved
WO-00538,TAZ_WORKHORSE-EAST-03,BED_ADHESION,P3,2026-06-26T10:39:00Z,2026-07-05T15:49:48Z,resolved
WO-00539,TAZ_PRO-WEST-02,NOZZLE_WIPE,P2,2026-06-27T03:10:00Z,2026-06-29T15:05:12Z,resolved
WO-00540,TAZ_WORKHORSE-EAST-02,HOTEND_TEMP,P1,2026-06-27T04:52:00Z,2026-06-27T10:29:12Z,resolved
WO-00541,TAZ_WORKHORSE-WEST-01,FILAMENT_FEED,P2,2026-06-28T07:44:00Z,2026-06-30T20:39:48Z,resolved
WO-00542,TAZ_PRO-WEST-01,FILAMENT_FEED,P2,2026-06-28T08:14:00Z,2026-06-29T01:40:24Z,resolved
WO-00543,TAZ_PRO-SOUTH-01,MOTION_AXIS,P3,2026-06-29T01:40:00Z,2026-07-05T17:50:12Z,resolved
WO-00544,TAZ_PRO-WEST-01,BED_ADHESION,P2,2026-06-29T09:38:00Z,2026-07-02T09:35:00Z,resolved
WO-00545,TAZ_WORKHORSE-EAST-02,BED_ADHESION,P2,2026-06-30T01:23:00Z,2026-06-30T20:17:00Z,resolved
WO-00546,TAZ_WORKHORSE-EAST-02,MOTION_AXIS,P2,2026-06-30T09:37:00Z,2026-07-04T16:38:12Z,resolved
WO-00547,TAZ_PRO-EAST-02,NOZZLE_WIPE,P2,2026-07-01T01:49:00Z,2026-07-02T18:06:24Z,resolved
WO-00548,TAZ_WORKHORSE-EAST-03,HOTEND_TEMP,P2,2026-07-01T04:19:00Z,2026-07-02T17:25:00Z,resolved
WO-00549,TAZ_WORKHORSE-SOUTH-02,HOTEND_TEMP,P3,2026-07-02T09:04:00Z,2026-07-05T06:57:24Z,resolved
WO-00550,TAZ_WORKHORSE-EAST-01,MOTION_AXIS,P3,2026-07-02T10:56:00Z,2026-07-05T02:36:12Z,resolved
WO-00551,TAZ_WORKHORSE-SOUTH-01,BED_ADHESION,P3,2026-07-03T06:23:00Z,2026-07-06T01:42:12Z,resolved
WO-00552,TAZ_WORKHORSE-SOUTH-02,BED_ADHESION,P2,2026-07-03T06:52:00Z,2026-07-08T23:44:12Z,resolved
WO-00553,TAZ_WORKHORSE-WEST-01,BED_ADHESION,P3,2026-07-04T10:30:00Z,,open
WO-00554,TAZ_WORKHORSE-WEST-01,MOTION_AXIS,P3,2026-07-04T10:51:00Z,2026-07-07T07:13:48Z,resolved
WO-00555,TAZ_WORKHORSE-EAST-02,FILAMENT_FEED,P2,2026-07-05T00:30:00Z,2026-07-06T05:28:48Z,resolved
WO-00556,TAZ_WORKHORSE-SOUTH-02,HOTEND_TEMP,P2,2026-07-05T10:03:00Z,2026-07-07T15:49:12Z,resolved
WO-00557,TAZ_WORKHORSE-WEST-03,HOTEND_TEMP,P2,2026-07-06T08:03:00Z,2026-07-07T04:07:48Z,resolved
WO-00558,TAZ_WORKHORSE-SOUTH-03,MOTION_AXIS,P3,2026-07-06T09:57:00Z,2026-07-16T09:57:00Z,resolved
WO-00559,TAZ_PRO-WEST-03,NOZZLE_WIPE,P2,2026-07-07T04:51:00Z,2026-07-08T16:46:48Z,resolved
WO-00560,TAZ_WORKHORSE-WEST-02,MOTION_AXIS,P3,2026-07-07T10:55:00Z,2026-07-09T06:37:36Z,resolved
WO-00561,TAZ_PRO-WEST-02,NOZZLE_WIPE,P2,2026-07-08T09:43:00Z,2026-07-09T18:09:24Z,resolved
WO-00562,TAZ_PRO-EAST-03,MOTION_AXIS,P3,2026-07-08T10:13:00Z,2026-07-13T18:44:48Z,resolved
WO-00563,TAZ_WORKHORSE-EAST-01,HOTEND_TEMP,P2,2026-07-09T00:14:00Z,2026-07-10T16:35:00Z,resolved
WO-00564,TAZ_WORKHORSE-SOUTH-03,FILAMENT_FEED,P2,2026-07-09T05:51:00Z,2026-07-13T11:16:48Z,resolved
WO-00565,TAZ_WORKHORSE-SOUTH-02,MOTION_AXIS,P2,2026-07-10T02:42:00Z,2026-07-13T18:35:24Z,resolved
WO-00566,TAZ_WORKHORSE-SOUTH-02,BED_ADHESION,P3,2026-07-10T08:22:00Z,2026-07-19T10:09:24Z,resolved
WO-00567,TAZ_WORKHORSE-SOUTH-01,HOTEND_TEMP,P2,2026-07-11T02:26:00Z,2026-07-13T14:05:36Z,resolved
WO-00568,TAZ_WORKHORSE-SOUTH-03,MOTION_AXIS,P2,2026-07-11T05:38:00Z,2026-07-13T01:56:00Z,resolved
WO-00569,TAZ_WORKHORSE-EAST-01,MOTION_AXIS,P2,2026-07-12T09:52:00Z,2026-07-13T06:38:12Z,resolved
WO-00570,TAZ_WORKHORSE-WEST-03,BED_ADHESION,P3,2026-07-12T10:46:00Z,2026-07-15T07:24:24Z,resolved
WO-00571,TAZ_PRO-EAST-01,MOTION_AXIS,P2,2026-07-13T00:54:00Z,2026-07-14T21:36:36Z,resolved
WO-00572,TAZ_PRO-WEST-03,FILAMENT_FEED,P3,2026-07-13T06:38:00Z,2026-07-15T20:59:36Z,resolved
WO-00573,TAZ_PRO-EAST-01,BED_ADHESION,P1,2026-07-14T00:09:00Z,2026-07-15T10:30:00Z,resolved
WO-00574,TAZ_WORKHORSE-WEST-02,BED_ADHESION,P3,2026-07-14T06:28:00Z,2026-07-15T19:05:48Z,resolved
WO-00575,TAZ_WORKHORSE-WEST-01,HOTEND_TEMP,P2,2026-07-15T08:25:00Z,2026-07-18T17:20:48Z,resolved
WO-00576,TAZ_PRO-SOUTH-01,NOZZLE_WIPE,P2,2026-07-15T08:50:00Z,2026-07-19T17:22:24Z,resolved
WO-00577,TAZ_WORKHORSE-WEST-02,BED_ADHESION,P1,2026-07-16T02:50:00Z,2026-07-16T21:57:12Z,resolved
WO-00578,TAZ_WORKHORSE-WEST-02,FILAMENT_FEED,P3,2026-07-16T08:05:00Z,2026-07-18T17:21:12Z,resolved
WO-00579,TAZ_WORKHORSE-EAST-02,HOTEND_TEMP,P1,2026-07-17T00:00:00Z,2026-07-18T16:02:24Z,resolved
WO-00580,TAZ_PRO-WEST-03,NOZZLE_WIPE,P2,2026-07-17T02:26:00Z,2026-07-18T11:26:00Z,resolved
WO-00581,TAZ_PRO-SOUTH-02,NOZZLE_WIPE,P3,2026-07-18T02:16:00Z,2026-07-24T07:37:00Z,resolved
WO-00582,TAZ_WORKHORSE-SOUTH-01,HOTEND_TEMP,P2,2026-07-18T09:59:00Z,2026-07-20T03:47:36Z,resolved
WO-00583,TAZ_WORKHORSE-EAST-03,HOTEND_TEMP,P1,2026-07-19T03:11:00Z,2026-07-19T15:38:36Z,resolved
WO-00584,TAZ_PRO-EAST-01,HOTEND_TEMP,P3,2026-07-19T05:15:00Z,2026-07-23T11:26:24Z,resolved
WO-00585,TAZ_WORKHORSE-SOUTH-02,HOTEND_TEMP,P3,2026-07-20T04:50:00Z,2026-07-26T12:12:48Z,resolved
WO-00586,TAZ_PRO-EAST-02,NOZZLE_WIPE,P2,2026-07-20T06:43:00Z,2026-07-21T11:11:48Z,resolved
WO-00587,TAZ_PRO-EAST-01,BED_ADHESION,P3,2026-07-21T00:10:00Z,2026-07-23T11:13:36Z,resolved
WO-00588,TAZ_WORKHORSE-EAST-01,MOTION_AXIS,P2,2026-07-21T06:38:00Z,2026-07-22T07:43:24Z,resolved
WO-00589,TAZ_WORKHORSE-SOUTH-01,HOTEND_TEMP,P2,2026-07-22T03:21:00Z,2026-07-23T13:52:48Z,resolved
WO-00590,TAZ_WORKHORSE-SOUTH-02,HOTEND_TEMP,P2,2026-07-22T08:41:00Z,2026-07-24T15:53:00Z,resolved
WO-00591,TAZ_PRO-WEST-03,NOZZLE_WIPE,P2,2026-07-23T00:09:00Z,2026-07-27T18:06:36Z,resolved
WO-00592,TAZ_PRO-SOUTH-02,NOZZLE_WIPE,P3,2026-07-23T02:20:00Z,2026-07-24T05:00:48Z,resolved
WO-00593,TAZ_WORKHORSE-SOUTH-01,BED_ADHESION,P2,2026-07-24T05:29:00Z,2026-07-26T05:25:24Z,resolved
WO-00594,TAZ_PRO-SOUTH-01,HOTEND_TEMP,P2,2026-07-24T06:19:00Z,2026-07-24T17:43:00Z,resolved
WO-00595,TAZ_WORKHORSE-WEST-02,HOTEND_TEMP,P3,2026-07-25T08:49:00Z,2026-07-27T01:43:36Z,resolved
WO-00596,TAZ_WORKHORSE-EAST-02,FILAMENT_FEED,P2,2026-07-25T09:22:00Z,,open
WO-00597,TAZ_PRO-EAST-02,MOTION_AXIS,P2,2026-07-26T01:26:00Z,,open
WO-00598,TAZ_WORKHORSE-EAST-01,MOTION_AXIS,P2,2026-07-26T10:48:00Z,,open
WO-00599,TAZ_WORKHORSE-SOUTH-03,FILAMENT_FEED,P2,2026-07-27T03:05:00Z,2026-07-28T11:23:36Z,resolved
WO-00600,TAZ_PRO-WEST-01,FILAMENT_FEED,P2,2026-07-27T05:11:00Z,2026-07-28T12:02:00Z,resolved
WO-00601,TAZ_WORKHORSE-SOUTH-02,HOTEND_TEMP,P1,2026-07-28T00:09:00Z,2026-07-28T07:49:48Z,resolved
WO-00602,TAZ_WORKHORSE-SOUTH-02,MOTION_AXIS,P3,2026-07-28T07:31:00Z,2026-08-02T13:55:00Z,resolved
WO-00603,TAZ_PRO-SOUTH-02,BED_ADHESION,P1,2026-07-29T02:24:00Z,2026-07-30T08:43:48Z,resolved
WO-00604,TAZ_WORKHORSE-SOUTH-01,BED_ADHESION,P2,2026-07-29T06:16:00Z,,open
WO-00605,TAZ_PRO-WEST-01,NOZZLE_WIPE,P2,2026-07-30T00:39:00Z,2026-08-01T05:31:48Z,resolved
WO-00606,TAZ_PRO-SOUTH-01,HOTEND_TEMP,P3,2026-07-30T08:57:00Z,2026-08-06T20:40:12Z,resolved
WO-00607,TAZ_WORKHORSE-SOUTH-02,HOTEND_TEMP,P1,2026-07-31T00:05:00Z,2026-08-01T21:13:24Z,resolved
WO-00608,TAZ_PRO-EAST-01,MOTION_AXIS,P2,2026-07-31T08:09:00Z,2026-08-01T01:14:24Z,resolved
WO-00609,TAZ_WORKHORSE-EAST-01,MOTION_AXIS,P2,2026-08-01T00:41:00Z,2026-08-02T13:48:12Z,resolved
WO-00610,TAZ_WORKHORSE-EAST-02,FILAMENT_FEED,P2,2026-08-01T08:10:00Z,2026-08-03T07:00:24Z,resolved
WO-00611,TAZ_PRO-WEST-03,NOZZLE_WIPE,P2,2026-08-02T00:03:00Z,2026-08-02T15:32:24Z,resolved
WO-00612,TAZ_PRO-WEST-01,HOTEND_TEMP,P2,2026-08-02T03:17:00Z,2026-08-06T12:11:00Z,resolved
WO-00613,TAZ_PRO-WEST-03,HOTEND_TEMP,P3,2026-08-03T00:49:00Z,2026-08-09T00:33:24Z,resolved
WO-00614,TAZ_PRO-WEST-01,NOZZLE_WIPE,P3,2026-08-03T01:16:00Z,2026-08-09T15:48:24Z,resolved
WO-00615,TAZ_WORKHORSE-SOUTH-02,MOTION_AXIS,P3,2026-08-04T04:14:00Z,2026-08-06T05:42:48Z,resolved
WO-00616,TAZ_PRO-EAST-03,HOTEND_TEMP,P2,2026-08-04T09:14:00Z,,open
WO-00617,TAZ_PRO-EAST-03,BED_ADHESION,P2,2026-08-05T00:04:00Z,2026-08-06T04:54:24Z,resolved
WO-00618,TAZ_WORKHORSE-SOUTH-02,HOTEND_TEMP,P3,2026-08-05T09:58:00Z,2026-08-06T09:59:12Z,resolved
WO-00619,TAZ_PRO-WEST-01,MOTION_AXIS,P3,2026-08-06T06:30:00Z,2026-08-10T11:18:36Z,resolved
WO-00620,TAZ_WORKHORSE-WEST-02,HOTEND_TEMP,P3,2026-08-06T07:27:00Z,2026-08-10T08:30:36Z,resolved
WO-00621,TAZ_WORKHORSE-SOUTH-02,FILAMENT_FEED,P2,2026-08-07T00:24:00Z,2026-08-08T19:02:24Z,resolved
WO-00622,TAZ_PRO-SOUTH-03,BED_ADHESION,P1,2026-08-07T00:28:00Z,2026-08-07T09:25:36Z,resolved
WO-00623,TAZ_PRO-EAST-01,MOTION_AXIS,P2,2026-08-08T02:57:00Z,2026-08-08T12:33:36Z,resolved
WO-00624,TAZ_WORKHORSE-SOUTH-03,HOTEND_TEMP,P3,2026-08-08T03:17:00Z,2026-08-18T03:17:00Z,resolved
WO-00625,TAZ_PRO-EAST-01,BED_ADHESION,P3,2026-08-09T03:17:00Z,2026-08-12T18:23:36Z,resolved
WO-00626,TAZ_WORKHORSE-SOUTH-02,HOTEND_TEMP,P2,2026-08-09T05:16:00Z,2026-08-14T00:25:36Z,resolved
WO-00627,TAZ_WORKHORSE-WEST-02,HOTEND_TEMP,P2,2026-08-10T00:40:00Z,2026-08-11T14:10:00Z,resolved
WO-00628,TAZ_WORKHORSE-SOUTH-03,MOTION_AXIS,P2,2026-08-10T08:01:00Z,2026-08-10T22:49:00Z,resolved
WO-00629,TAZ_PRO-SOUTH-02,NOZZLE_WIPE,P3,2026-08-11T02:50:00Z,2026-08-13T14:11:00Z,resolved
WO-00630,TAZ_WORKHORSE-EAST-01,FILAMENT_FEED,P2,2026-08-11T07:28:00Z,2026-08-12T08:47:12Z,resolved
WO-00631,TAZ_WORKHORSE-SOUTH-02,FILAMENT_FEED,P2,2026-08-12T00:22:00Z,2026-08-13T12:23:48Z,resolved
WO-00632,TAZ_PRO-SOUTH-02,NOZZLE_WIPE,P2,2026-08-12T08:16:00Z,2026-08-15T17:34:36Z,resolved
WO-00633,TAZ_PRO-EAST-01,MOTION_AXIS,P2,2026-08-13T04:22:00Z,2026-08-16T03:20:12Z,resolved
WO-00634,TAZ_WORKHORSE-SOUTH-01,MOTION_AXIS,P2,2026-08-13T05:39:00Z,2026-08-18T00:58:12Z,resolved
WO-00635,TAZ_WORKHORSE-WEST-01,MOTION_AXIS,P3,2026-08-14T06:36:00Z,2026-08-17T07:08:24Z,resolved
WO-00636,TAZ_WORKHORSE-EAST-02,BED_ADHESION,P2,2026-08-14T08:11:00Z,2026-08-14T22:53:36Z,resolved
WO-00637,TAZ_WORKHORSE-EAST-03,HOTEND_TEMP,P2,2026-08-15T02:36:00Z,2026-08-19T02:46:48Z,resolved
WO-00638,TAZ_PRO-SOUTH-01,NOZZLE_WIPE,P2,2026-08-15T06:31:00Z,2026-08-16T16:19:00Z,resolved
WO-00639,TAZ_PRO-SOUTH-01,MOTION_AXIS,P3,2026-08-16T06:58:00Z,2026-08-20T17:12:24Z,resolved
WO-00640,TAZ_PRO-SOUTH-01,HOTEND_TEMP,P2,2026-08-16T08:00:00Z,2026-08-17T23:09:36Z,resolved
WO-00641,TAZ_PRO-WEST-01,NOZZLE_WIPE,P2,2026-08-17T00:58:00Z,2026-08-17T11:53:48Z,resolved
WO-00642,TAZ_PRO-EAST-03,HOTEND_TEMP,P3,2026-08-17T08:37:00Z,2026-08-25T09:50:48Z,resolved
WO-00643,TAZ_PRO-SOUTH-02,NOZZLE_WIPE,P2,2026-08-18T02:47:00Z,2026-08-19T06:32:00Z,resolved
WO-00644,TAZ_PRO-WEST-01,BED_ADHESION,P2,2026-08-18T04:22:00Z,2026-08-19T23:41:12Z,resolved
WO-00645,TAZ_WORKHORSE-WEST-01,HOTEND_TEMP,P2,2026-08-19T01:02:00Z,2026-08-20T00:54:12Z,resolved
WO-00646,TAZ_WORKHORSE-SOUTH-01,HOTEND_TEMP,P2,2026-08-19T10:07:00Z,2026-08-24T10:46:36Z,resolved
WO-00647,TAZ_PRO-SOUTH-02,FILAMENT_FEED,P2,2026-08-20T04:07:00Z,2026-08-23T01:43:00Z,resolved
WO-00648,TAZ_PRO-WEST-02,BED_ADHESION,P2,2026-08-20T09:48:00Z,,open
WO-00649,TAZ_PRO-SOUTH-01,MOTION_AXIS,P2,2026-08-21T02:43:00Z,2026-08-25T22:49:00Z,resolved
WO-00650,TAZ_PRO-EAST-01,BED_ADHESION,P3,2026-08-21T10:30:00Z,2026-08-24T00:03:00Z,resolved
WO-00651,TAZ_WORKHORSE-EAST-01,MOTION_AXIS,P2,2026-08-22T00:36:00Z,2026-08-22T13:20:24Z,resolved
WO-00652,TAZ_WORKHORSE-SOUTH-01,BED_ADHESION,P2,2026-08-22T05:26:00Z,2026-08-24T18:06:12Z,resolved
WO-00653,TAZ_PRO-WEST-01,NOZZLE_WIPE,P2,2026-08-23T01:10:00Z,2026-08-24T15:02:12Z,resolved
WO-00654,TAZ_WORKHORSE-EAST-01,BED_ADHESION,P2,2026-08-23T05:28:00Z,,open
WO-00655,TAZ_WORKHORSE-SOUTH-02,HOTEND_TEMP,P1,2026-08-24T01:07:00Z,2026-08-24T06:22:00Z,resolved
WO-00656,TAZ_PRO-SOUTH-02,BED_ADHESION,P2,2026-08-24T08:30:00Z,2026-08-25T17:18:00Z,resolved
WO-00657,TAZ_WORKHORSE-EAST-02,FILAMENT_FEED,P1,2026-08-25T01:52:00Z,2026-08-25T07:59:48Z,resolved
WO-00658,TAZ_PRO-WEST-02,NOZZLE_WIPE,P2,2026-08-25T05:43:00Z,2026-08-25T15:31:00Z,resolved
WO-00659,TAZ_WORKHORSE-WEST-02,MOTION_AXIS,P1,2026-08-26T02:40:00Z,2026-08-26T06:57:24Z,resolved
WO-00660,TAZ_WORKHORSE-EAST-03,MOTION_AXIS,P3,2026-08-26T06:37:00Z,2026-08-31T01:41:12Z,resolved
WO-00661,TAZ_WORKHORSE-EAST-02,MOTION_AXIS,P3,2026-08-27T04:01:00Z,2026-09-01T21:01:00Z,resolved
WO-00662,TAZ_PRO-EAST-01,MOTION_AXIS,P2,2026-08-27T08:42:00Z,2026-08-28T08:40:12Z,resolved
WO-00663,TAZ_WORKHORSE-EAST-02,BED_ADHESION,P2,2026-08-28T08:34:00Z,2026-08-30T02:06:24Z,resolved
WO-00664,TAZ_WORKHORSE-SOUTH-01,BED_ADHESION,P3,2026-08-28T10:42:00Z,2026-09-04T11:06:36Z,resolved
WO-00665,TAZ_WORKHORSE-SOUTH-01,HOTEND_TEMP,P3,2026-08-29T02:51:00Z,2026-08-31T20:21:00Z,resolved
WO-00666,TAZ_WORKHORSE-WEST-01,MOTION_AXIS,P3,2026-08-29T06:48:00Z,2026-09-02T17:01:48Z,resolved
WO-00667,TAZ_WORKHORSE-WEST-02,FILAMENT_FEED,P2,2026-08-30T07:48:00Z,2026-08-31T14:19:48Z,resolved
WO-00668,TAZ_PRO-WEST-01,HOTEND_TEMP,P2,2026-08-30T10:47:00Z,2026-09-01T02:20:00Z,resolved
WO-00669,TAZ_WORKHORSE-SOUTH-01,HOTEND_TEMP,P2,2026-08-31T02:23:00Z,2026-09-01T16:07:24Z,resolved
WO-00670,TAZ_PRO-SOUTH-03,MOTION_AXIS,P3,2026-08-31T02:38:00Z,2026-09-10T02:38:00Z,resolved
